p_val	avg_log2FC	pct.1	pct.2	p_val_adj	gene	species
0	9.20468644764084	0.105	0	0	Amil-orphan-3784	Amil
0	9.03352547943432	0.769	0.003	0	Amil-Amillepora14840	Amil
0	8.97778171027439	0.137	0	0	Amil-Amillepora24786	Amil
0	8.68779937427398	0.134	0.001	0	Amil-Amillepora04049	Amil
0	8.58702860792362	0.396	0.001	0	Amil-Amillepora16858	Amil
0	8.56565284597432	0.152	0	0	Amil-Amillepora26777	Amil
0	8.48648494501415	0.288	0.001	0	Amil-Amillepora19316	Amil
0	8.44996694421991	0.166	0	0	Amil-Amillepora10107	Amil
0	8.44683375947763	0.155	0	0	Amil-Amillepora13012	Amil
0	8.31895867007213	0.291	0.001	0	Amil-Amillepora16861	Amil
0	8.27388604046159	0.348	0.001	0	Amil-Amillepora17010	Amil
0	8.21713290359332	0.147	0	0	Amil-orphan-8396	Amil
7.89089530144443e-220	8.21376678994467	0.146	0.018	3.42890964428966e-215	Amil-Amillepora34298	Amil
0	8.21349795732625	0.969	0.029	0	Amil-Amillepora19313	Amil
0	8.18870252729879	0.958	0.014	0	Amil-Amillepora10110	Amil
0	8.18675576056688	0.486	0.002	0	Amil-orphan-500	Amil
0	8.17717818640151	0.616	0.004	0	Amil-Amillepora10759	Amil
0	8.16440924812485	0.167	0.001	0	Amil-orphan-8155	Amil
0	8.09337863580865	0.152	0	0	Amil-Amillepora12611	Amil
0	8.09193425518038	0.149	0	0	Amil-orphan-7702	Amil
0	8.06966066036083	0.746	0.009	0	Amil-Amillepora14146	Amil
0	8.05359570786222	0.754	0.005	0	Amil-Amillepora10108	Amil
0	8.04792695347454	0.114	0	0	Amil-Amillepora22240	Amil
0	8.04463410253863	0.66	0.005	0	Amil-Amillepora13018	Amil
0	8.01402910726236	0.657	0.012	0	Amil-Amillepora12613	Amil
0	7.99076732152881	0.408	0.002	0	Amil-Amillepora16863	Amil
0	7.97666914331728	0.842	0.02	0	Amil-Amillepora12612	Amil
0	7.97126239303842	0.173	0	0	Amil-orphan-6560	Amil
0	7.94567559362244	0.624	0.003	0	Amil-Amillepora26802	Amil
0	7.91916994095839	0.308	0.001	0	Amil-Amillepora16860	Amil
0	7.90414714423992	0.455	0.002	0	Amil-Amillepora26543	Amil
0	7.86945053413555	0.674	0.004	0	Amil-Amillepora33951	Amil
0	7.86269171507546	0.169	0.001	0	Amil-Amillepora05918	Amil
0	7.85756195161687	0.665	0.004	0	Amil-Amillepora17943	Amil
0	7.80574838991211	0.564	0.003	0	Amil-Amillepora18750	Amil
0	7.70254706194643	0.266	0.001	0	Amil-Amillepora34513	Amil
0	7.69166009135142	0.54	0.003	0	Amil-orphan-13625	Amil
0	7.67659649633302	0.129	0.001	0	Amil-orphan-8186	Amil
0	7.65608655615517	0.131	0	0	Amil-orphan-1167	Amil
0	7.61380656647276	0.211	0.001	0	Amil-orphan-3845	Amil
0	7.59431858471492	0.177	0.001	0	Amil-orphan-6981	Amil
0	7.57600893304581	0.298	0.002	0	Amil-Amillepora25046	Amil
0	7.57419633896675	0.129	0.001	0	Amil-orphan-6498	Amil
0	7.51364405224249	0.206	0.001	0	Amil-orphan-3092	Amil
0	7.51346937938013	0.352	0.002	0	Amil-Amillepora16848	Amil
0	7.50497413126628	0.167	0.001	0	Amil-Amillepora10106	Amil
0	7.47408877601336	0.806	0.011	0	Amil-orphan-9647	Amil
0	7.42256155363711	0.41	0.002	0	Amil-Amillepora06543	Amil
0	7.40171297042897	0.554	0.003	0	Amil-Amillepora16857	Amil
0	7.39171848143937	0.514	0.005	0	Amil-Amillepora16791	Amil
0	7.38236797437078	0.249	0.001	0	Amil-Amillepora16862	Amil
0	7.37514095870278	0.132	0	0	Amil-Amillepora12366	Amil
0	7.32297281923945	0.239	0.001	0	Amil-orphan-8029	Amil
0	7.31575434176306	0.28	0.001	0	Amil-orphan-1542	Amil
0	7.22502077257417	0.106	0.001	0	Amil-orphan-5710	Amil
0	7.19909998631723	0.115	0	0	Amil-orphan-13622	Amil
0	7.18039160348767	0.972	0.051	0	Amil-Amillepora03541	Amil
0	7.17821493720545	0.707	0.007	0	Amil-Amillepora01381	Amil
0	7.14675307233266	0.873	0.023	0	Amil-Amillepora19488	Amil
0	7.13008086988397	0.316	0.002	0	Amil-Amillepora19769	Amil
0	7.0207244982193	0.426	0.003	0	Amil-Amillepora15317	Amil
0	6.99144191108439	0.127	0.001	0	Amil-orphan-10225	Amil
0	6.95932950485115	0.137	0.002	0	Amil-Amillepora06192	Amil
0	6.94674237664246	0.669	0.007	0	Amil-Amillepora27365	Amil
0	6.76362270440416	0.157	0.01	0	Amil-Amillepora02875	Amil
0	6.74115433050035	0.383	0.003	0	Amil-Amillepora07034	Amil
0	6.66742392679091	0.154	0.002	0	Amil-Amillepora08145	Amil
0	6.61273928844492	0.16	0.003	0	Amil-Amillepora15202	Amil
0	6.52116580215614	0.426	0.004	0	Amil-orphan-11178	Amil
0	6.44976803335796	0.105	0.001	0	Amil-Amillepora19290	Amil
0	6.43463871540308	0.381	0.004	0	Amil-Amillepora17013	Amil
0	6.40071770179217	0.697	0.008	0	Amil-Amillepora01399	Amil
0	6.37102406894623	0.227	0.004	0	Amil-Amillepora03346	Amil
0	6.35011830090897	0.541	0.006	0	Amil-Amillepora19079	Amil
0	6.32298553595317	0.233	0.002	0	Amil-Amillepora15355	Amil
0	6.31707718520326	0.939	0.373	0	Amil-Amillepora19494	Amil
0	6.30417455173821	0.221	0.002	0	Amil-Amillepora23236	Amil
0	6.29029276638317	0.252	0.003	0	Amil-Amillepora17015	Amil
0	6.25454164273409	0.347	0.005	0	Amil-Amillepora30425	Amil
0	6.24724437777729	0.122	0.001	0	Amil-orphan-5235	Amil
0	6.18971181933284	0.712	0.009	0	Amil-orphan-13556	Amil
0	6.1640052687875	0.192	0.002	0	Amil-Amillepora32177	Amil
0	6.12714273957804	0.347	0.004	0	Amil-Amillepora17012	Amil
0	6.11684758293447	0.113	0.001	0	Amil-Amillepora32170	Amil
0	6.04617323019883	0.401	0.003	0	Amil-orphan-13619	Amil
0	5.99634360211067	0.205	0.005	0	Amil-Amillepora07528	Amil
0	5.98126226274305	0.154	0.011	0	Amil-Amillepora02878	Amil
0	5.92942490541889	0.281	0.003	0	Amil-Amillepora33744	Amil
0	5.88598718682988	0.164	0.001	0	Amil-Amillepora22131	Amil
0	5.82295224357035	0.144	0.002	0	Amil-Amillepora24740	Amil
0	5.8026161228801	0.527	0.011	0	Amil-orphan-2643	Amil
0	5.78118134074512	0.273	0.004	0	Amil-Amillepora09721	Amil
0	5.73115441048425	0.37	0.009	0	Amil-Amillepora24268	Amil
0	5.7307313318195	0.216	0.003	0	Amil-orphan-3747	Amil
0	5.70258137236418	0.313	0.006	0	Amil-Amillepora07036	Amil
0	5.69346969129063	0.864	0.047	0	Amil-Amillepora37625	Amil
0	5.67559438323776	0.109	0.001	0	Amil-Amillepora19020	Amil
0	5.59914123530438	0.212	0.006	0	Amil-Amillepora05933	Amil
0	5.58663863562598	0.119	0.001	0	Amil-Amillepora22295	Amil
0	5.57974535088521	0.131	0.001	0	Amil-orphan-10474	Amil
0	5.39369368769916	0.262	0.007	0	Amil-Amillepora33313	Amil
0	5.39130738311119	0.272	0.004	0	Amil-orphan-520	Amil
0	5.37353059327893	0.7	0.02	0	Amil-Amillepora19589	Amil
0	5.36371164099414	0.107	0.001	0	Amil-Amillepora22466	Amil
0	5.33794616900863	0.235	0.008	0	Amil-Amillepora09066	Amil
0	5.31825324837828	0.359	0.008	0	Amil-Amillepora22228	Amil
0	5.24056713709155	0.778	0.049	0	Amil-Amillepora37624	Amil
0	5.23057678531951	0.726	0.022	0	Amil-Amillepora12339	Amil
0	5.20467523086703	0.186	0.005	0	Amil-Amillepora24407	Amil
0	5.19256844549191	0.216	0.004	0	Amil-orphan-2150	Amil
0	5.17165740715417	0.556	0.036	0	Amil-Amillepora09555	Amil
0	5.06300514104942	0.604	0.017	0	Amil-Amillepora19445	Amil
0	5.05789446036594	0.138	0.003	0	Amil-orphan-4738	Amil
0	5.00548049295046	0.131	0.004	0	Amil-Amillepora13716	Amil
0	4.98098835639531	0.666	0.04	0	Amil-Amillepora19493	Amil
0	4.97561704614981	0.186	0.005	0	Amil-Amillepora03739	Amil
0	4.95749518964911	0.101	0.002	0	Amil-Amillepora02322	Amil
0	4.95498092946252	0.651	0.026	0	Amil-orphan-14473	Amil
0	4.83105103824522	0.112	0.003	0	Amil-orphan-3416	Amil
0	4.82333922791235	0.661	0.031	0	Amil-Amillepora25026	Amil
0	4.78618230773645	0.415	0.007	0	Amil-orphan-2561	Amil
0	4.73507112267309	0.223	0.01	0	Amil-orphan-751	Amil
0	4.67151520295921	0.129	0.005	0	Amil-orphan-14615	Amil
0	4.64228214049001	0.699	0.033	0	Amil-Amillepora29197	Amil
0	4.60912542456506	0.16	0.007	0	Amil-Amillepora33372	Amil
0	4.58506550487521	0.154	0.005	0	Amil-orphan-2110	Amil
0	4.53027173159144	0.103	0.004	0	Amil-orphan-15	Amil
0	4.52354064865827	0.216	0.008	0	Amil-orphan-5336	Amil
0	4.51202379533457	0.246	0.009	0	Amil-Amillepora35794	Amil
0	4.5004250547214	0.262	0.009	0	Amil-Amillepora06059	Amil
0	4.4943053876908	0.12	0.003	0	Amil-orphan-3483	Amil
0	4.49253152380535	0.686	0.058	0	Amil-Amillepora13527	Amil
0	4.47955194409465	0.261	0.012	0	Amil-orphan-4408	Amil
0	4.47576760915278	0.436	0.021	0	Amil-Amillepora22042	Amil
0	4.45764150350028	0.164	0.006	0	Amil-orphan-1460	Amil
0	4.44134835790075	0.105	0.004	0	Amil-Amillepora03242	Amil
0	4.43075210548183	0.795	0.038	0	Amil-Amillepora15356	Amil
0	4.37887269662941	0.705	0.055	0	Amil-Amillepora24415	Amil
0	4.37047285187015	0.119	0.002	0	Amil-Amillepora05263	Amil
0	4.35564544840306	0.134	0.003	0	Amil-Amillepora05216	Amil
0	4.35220992830852	0.477	0.029	0	Amil-Amillepora22083	Amil
0	4.33639790772055	0.344	0.02	0	Amil-Amillepora12512	Amil
0	4.33145046853268	0.846	0.104	0	Amil-Amillepora22520	Amil
0	4.32405442431247	0.283	0.01	0	Amil-Amillepora22339	Amil
0	4.23195152499234	0.285	0.014	0	Amil-Amillepora32262	Amil
0	4.22059440145435	0.369	0.017	0	Amil-Amillepora30015	Amil
0	4.19296655189273	0.278	0.014	0	Amil-Amillepora34517	Amil
0	4.19077371072235	0.192	0.008	0	Amil-Amillepora06735	Amil
0	4.16747063451874	0.231	0.009	0	Amil-Amillepora27250	Amil
1.0949281761321e-311	4.16545581144926	0.105	0.005	4.75790089656441e-307	Amil-Amillepora22129	Amil
0	4.14221038228266	0.137	0.006	0	Amil-orphan-4919	Amil
0	4.08505195506444	0.151	0.008	0	Amil-Amillepora19564	Amil
0	4.07247804401185	0.158	0.009	0	Amil-orphan-8614	Amil
0	4.06337577511387	0.639	0.045	0	Amil-orphan-145	Amil
0	4.04448297815001	0.121	0.005	0	Amil-Amillepora02716	Amil
0	4.04381441310367	0.206	0.011	0	Amil-Amillepora16513	Amil
0	4.02545674277701	0.224	0.006	0	Amil-Amillepora26246	Amil
0	4.00762937636785	0.695	0.064	0	Amil-Amillepora04249	Amil
0	4.00078068394642	0.149	0.006	0	Amil-Amillepora04530	Amil
0	3.99292094992643	0.437	0.032	0	Amil-Amillepora02498	Amil
0	3.99204536063204	0.113	0.004	0	Amil-orphan-6370	Amil
0	3.97963064881054	0.301	0.019	0	Amil-Amillepora33399	Amil
0	3.95737034608507	0.183	0.01	0	Amil-Amillepora23294	Amil
0	3.93772479004252	0.334	0.03	0	Amil-Amillepora14798	Amil
0	3.93741735173429	0.333	0.019	0	Amil-Amillepora12192	Amil
0	3.93184472810489	0.173	0.008	0	Amil-Amillepora27384	Amil
0	3.88671223896083	0.786	0.089	0	Amil-Amillepora14877	Amil
0	3.88482910893148	0.536	0.047	0	Amil-Amillepora01760	Amil
7.04492451541795e-272	3.87164086770077	0.116	0.008	3.06130149892972e-267	Amil-orphan-10875	Amil
0	3.8478146879127	0.232	0.015	0	Amil-Amillepora25370	Amil
0	3.8476672997071	0.442	0.019	0	Amil-Amillepora33350	Amil
0	3.78876622191914	0.419	0.037	0	Amil-Amillepora29777	Amil
0	3.78678700607855	0.245	0.006	0	Amil-Amillepora24464	Amil
0	3.78482734647325	0.129	0.005	0	Amil-Amillepora06734	Amil
0	3.78324253673499	0.39	0.024	0	Amil-Amillepora02854	Amil
0	3.75502447693904	0.23	0.015	0	Amil-Amillepora32146	Amil
0	3.75451203899792	0.246	0.023	0	Amil-Amillepora14128	Amil
0	3.7470060458931	0.132	0.008	0	Amil-Amillepora12333	Amil
2.74428918592409e-295	3.70119478145204	0.118	0.007	1.19250342285145e-290	Amil-Amillepora25745	Amil
0	3.67981545570537	0.15	0.008	0	Amil-Amillepora08724	Amil
0	3.67483079677973	0.169	0.012	0	Amil-Amillepora10698	Amil
0	3.54733675400119	0.367	0.029	0	Amil-Amillepora34516	Amil
7.67190213814552e-293	3.54054393347143	0.146	0.012	3.33374835510975e-288	Amil-Amillepora24223	Amil
6.32720523492466e-280	3.53777971392104	0.105	0.006	2.74942376278416e-275	Amil-Amillepora29173	Amil
0	3.53730494495799	0.707	0.13	0	Amil-Amillepora30730	Amil
0	3.53465655329067	0.171	0.009	0	Amil-Amillepora26932	Amil
0	3.53044071541587	0.168	0.013	0	Amil-Amillepora10601	Amil
0	3.52445931702652	0.752	0.1	0	Amil-orphan-871	Amil
0	3.52283857477486	0.564	0.051	0	Amil-orphan-5360	Amil
0	3.48511929287996	0.205	0.012	0	Amil-orphan-2001	Amil
0	3.43335321512735	0.369	0.031	0	Amil-Amillepora12340	Amil
0	3.41405521805513	0.37	0.042	0	Amil-orphan-14258	Amil
0	3.37718638782966	0.218	0.016	0	Amil-Amillepora00175	Amil
0	3.36721141381125	0.267	0.026	0	Amil-Amillepora22155	Amil
3.92908760976907e-148	3.36502970481389	0.105	0.013	1.70734572994905e-143	Amil-Amillepora33401	Amil
0	3.33900506731733	0.387	0.048	0	Amil-Amillepora03488	Amil
0	3.29513628870347	0.864	0.074	0	Amil-Amillepora32633	Amil
1.2204269441255e-270	3.29377017915852	0.116	0.008	5.30324324300293e-266	Amil-Amillepora16354	Amil
0	3.27058571985626	0.911	0.17	0	Amil-Amillepora30757	Amil
0	3.25793792119682	0.573	0.048	0	Amil-Amillepora02855	Amil
0	3.24566747122952	0.595	0.065	0	Amil-Amillepora15568	Amil
5.00819659472246e-215	3.21692043842335	0.102	0.008	2.1762617482707e-210	Amil-Amillepora24808	Amil
0	3.21505010062439	0.382	0.042	0	Amil-Amillepora21899	Amil
0	3.18471255471382	0.406	0.041	0	Amil-orphan-8914	Amil
0	3.17842830854709	0.874	0.254	0	Amil-Amillepora24738	Amil
0	3.15464615191889	0.121	0.004	0	Amil-Amillepora21616	Amil
0	3.15059786668772	0.182	0.017	0	Amil-Amillepora16958	Amil
0	3.14273675975365	0.43	0.086	0	Amil-orphan-6458	Amil
0	3.12349374133309	0.461	0.061	0	Amil-Amillepora28798	Amil
0	3.09642586221115	0.297	0.035	0	Amil-Amillepora24881	Amil
0	3.06226484741683	0.326	0.054	0	Amil-orphan-9801	Amil
0	3.05186309917956	0.349	0.048	0	Amil-Amillepora11601	Amil
0	3.04121933393476	0.246	0.028	0	Amil-Amillepora10188	Amil
0	3.04120850247628	0.275	0.035	0	Amil-Amillepora05791	Amil
0	3.03499259155518	0.417	0.043	0	Amil-Amillepora25212	Amil
0	3.02529974042954	0.253	0.03	0	Amil-Amillepora33757	Amil
0	3.01945735954171	0.48	0.073	0	Amil-Amillepora17890	Amil
3.58923573847507e-98	2.99331255416751	0.1	0.018	1.55966649779696e-93	Amil-Amillepora05427	Amil
1.28103219270046e-197	2.99321548508943	0.116	0.012	5.56659729016057e-193	Amil-Amillepora25177	Amil
9.00595545775002e-301	2.95825685940292	0.214	0.028	3.91344788461069e-296	Amil-Amillepora07469	Amil
0	2.94219708692907	0.425	0.057	0	Amil-Amillepora00198	Amil
2.04906228630342e-297	2.93661104106059	0.26	0.042	8.90399525890288e-293	Amil-Amillepora24877	Amil
9.71098244068516e-244	2.92599585670745	0.156	0.018	4.21981030977533e-239	Amil-Amillepora06563	Amil
1.73031392104984e-250	2.90791148219583	0.149	0.015	7.51890611252997e-246	Amil-Amillepora27457	Amil
2.82412581419614e-231	2.90771360525136	0.125	0.012	1.22719563130079e-226	Amil-orphan-6456	Amil
0	2.90710975912783	0.265	0.031	0	Amil-Amillepora21937	Amil
2.9963994501643e-158	2.88061984818351	0.104	0.012	1.3020554170744e-153	Amil-Amillepora03039	Amil
0	2.85729329412559	0.494	0.089	0	Amil-Amillepora06234	Amil
0	2.85602550992011	0.351	0.052	0	Amil-Amillepora15852	Amil
0	2.85178965803632	0.248	0.033	0	Amil-orphan-5523	Amil
0	2.84810147776205	0.261	0.032	0	Amil-Amillepora06483	Amil
4.26281287020741e-193	2.84402273192782	0.16	0.024	1.85236270461993e-188	Amil-Amillepora14153	Amil
0	2.84096482820745	0.598	0.088	0	Amil-Amillepora05457	Amil
0	2.84023037544581	0.241	0.025	0	Amil-Amillepora04493	Amil
0	2.82661269117296	0.8	0.124	0	Amil-Amillepora02735	Amil
7.61362076943803e-201	2.80867124797217	0.134	0.016	3.3084227691516e-196	Amil-Amillepora25086	Amil
0	2.80534145853314	0.359	0.055	0	Amil-Amillepora06023	Amil
0	2.78272183002674	0.338	0.034	0	Amil-Amillepora19327	Amil
0	2.77212266634605	0.179	0.007	0	Amil-orphan-3213	Amil
0	2.77003004231741	0.796	0.171	0	Amil-Amillepora24667	Amil
0	2.76918512684803	0.693	0.138	0	Amil-Amillepora25742	Amil
1.89006201595011e-186	2.76109966893196	0.134	0.017	8.21307548410961e-182	Amil-orphan-6860	Amil
0	2.73128850038551	0.32	0.037	0	Amil-Amillepora15475	Amil
0	2.70773134013582	0.939	0.203	0	Amil-Amillepora28569	Amil
0	2.69700766158595	0.309	0.04	0	Amil-Amillepora24049	Amil
5.34508054484288e-253	2.69401842088281	0.141	0.013	2.32265129995602e-248	Amil-Amillepora12327	Amil
0	2.69324454177127	0.852	0.255	0	Amil-Amillepora31412	Amil
6.5315404536774e-149	2.68345027211102	0.121	0.017	2.83821558874098e-144	Amil-Amillepora03724	Amil
0	2.67490595237033	0.523	0.086	0	Amil-Amillepora24224	Amil
1.03735226863029e-133	2.66478757807078	0.108	0.016	4.50771054810605e-129	Amil-Amillepora16908	Amil
1.40867782571605e-239	2.66061423079974	0.17	0.021	6.12126862386653e-235	Amil-Amillepora09784	Amil
6.58035589148307e-163	2.63618493093995	0.115	0.014	2.85942784908505e-158	Amil-orphan-4623	Amil
1.01883313190578e-309	2.63602966260294	0.332	0.066	4.42723749138337e-305	Amil-Amillepora24857	Amil
1.66426506059082e-218	2.6341994453019	0.123	0.012	7.23189739429134e-214	Amil-Amillepora23134	Amil
0	2.62753761534241	0.821	0.212	0	Amil-Amillepora08329	Amil
0	2.62510723668675	0.289	0.032	0	Amil-Amillepora08846	Amil
5.92878775009496e-323	2.62416532612501	0.212	0.024	2.57629542892626e-318	Amil-Amillepora11450	Amil
0	2.62349887639781	0.97	0.323	0	Amil-Amillepora14669	Amil
0	2.61334021851716	0.254	0.033	0	Amil-Amillepora05876	Amil
3.96399653905699e-190	2.60378686585511	0.15	0.021	1.72251505608182e-185	Amil-orphan-4048	Amil
0	2.57049516928796	0.308	0.05	0	Amil-Amillepora03606	Amil
2.19727059957092e-272	2.56839508319364	0.184	0.022	9.54801966337548e-268	Amil-Amillepora10912	Amil
2.51246562988334e-118	2.55779776351086	0.102	0.016	1.09176681480951e-113	Amil-orphan-7584	Amil
0	2.55710866079619	0.808	0.142	0	Amil-Amillepora03548	Amil
0	2.5563095860092	0.415	0.056	0	Amil-Amillepora20872	Amil
0	2.5474678813631	0.871	0.314	0	Amil-Amillepora03937	Amil
0	2.54357855194413	0.83	0.221	0	Amil-Amillepora13111	Amil
0	2.54212330748431	0.225	0.025	0	Amil-Amillepora14759	Amil
6.83742176146816e-106	2.53709501619928	0.111	0.02	2.97113325222837e-101	Amil-Amillepora06366	Amil
3.47383008688161e-136	2.52927478222033	0.102	0.014	1.50951812595353e-131	Amil-Amillepora31647	Amil
7.01385858714006e-195	2.52548906367887	0.133	0.016	3.04780211045584e-190	Amil-Amillepora06416	Amil
0	2.51609231886918	0.537	0.098	0	Amil-Amillepora26162	Amil
0	2.49594962041232	0.307	0.044	0	Amil-Amillepora03899	Amil
0	2.47880949312841	0.352	0.053	0	Amil-Amillepora20768	Amil
1.65028828951856e-127	2.47231917172049	0.171	0.039	7.17116273327395e-123	Amil-Amillepora33753	Amil
7.35032299168804e-139	2.46958802584589	0.18	0.04	3.19400935280812e-134	Amil-Amillepora11596	Amil
0	2.44879663044301	0.55	0.127	0	Amil-Amillepora13227	Amil
7.43725767764429e-228	2.44652269517837	0.202	0.032	3.23178595124355e-223	Amil-orphan-5973	Amil
1.71550005972466e-225	2.434314949523	0.187	0.027	7.45453395952752e-221	Amil-Amillepora15545	Amil
6.12673770467623e-147	2.43175729082949	0.135	0.022	2.66231260219001e-142	Amil-Amillepora06992	Amil
2.15518283893541e-135	2.43174342073309	0.106	0.015	9.36513150830991e-131	Amil-Amillepora09844	Amil
1.13576154218785e-290	2.43047362248775	0.283	0.05	4.9353382054231e-286	Amil-Amillepora10123	Amil
4.19774423725299e-120	2.42635813014708	0.122	0.022	1.82408778085592e-115	Amil-Amillepora15070	Amil
6.47353509623669e-219	2.40280975499175	0.21	0.036	2.81300994071869e-214	Amil-Amillepora01804	Amil
0	2.38489965214118	0.326	0.045	0	Amil-Amillepora04959	Amil
0	2.38044769305033	0.391	0.065	0	Amil-Amillepora12947	Amil
0	2.36324955079183	0.312	0.046	0	Amil-Amillepora16905	Amil
2.85571483477323e-108	2.35735034858367	0.109	0.019	1.24092232430236e-103	Amil-Amillepora06786	Amil
0	2.34380182678276	0.548	0.118	0	Amil-Amillepora14515	Amil
0	2.33368715479903	0.343	0.053	0	Amil-orphan-730	Amil
6.30872403213587e-158	2.32929214877701	0.171	0.032	2.74139294092432e-153	Amil-Amillepora06901	Amil
3.03065928504666e-187	2.32657505352137	0.187	0.033	1.31694268572418e-182	Amil-Amillepora35991	Amil
0	2.32436707100267	0.722	0.174	0	Amil-Amillepora20677	Amil
3.28758641475997e-173	2.31975407955266	0.14	0.02	1.4285878006698e-168	Amil-Amillepora29510	Amil
1.49143865976073e-307	2.30550835806135	0.284	0.047	6.48089755212428e-303	Amil-Amillepora14668	Amil
4.54651671578833e-101	2.30136346150139	0.154	0.038	1.97564337367866e-96	Amil-Amillepora00659	Amil
1.87731127983888e-189	2.29888580204865	0.158	0.023	8.15766843541186e-185	Amil-Amillepora08331	Amil
1.79851436937134e-162	2.28716914894094	0.168	0.03	7.81526434066623e-158	Amil-Amillepora10637	Amil
1.31208609895291e-143	2.27538967149598	0.131	0.021	5.70153893438997e-139	Amil-Amillepora01599	Amil
9.89238204790474e-125	2.27343348600103	0.119	0.02	4.29863569509653e-120	Amil-orphan-4655	Amil
4.25689538109544e-311	2.26449059615363	0.243	0.034	1.84979131890121e-306	Amil-Amillepora16116	Amil
0	2.25775130126061	0.701	0.218	0	Amil-Amillepora04152	Amil
1.91549052198955e-201	2.25742632929902	0.169	0.025	8.32357251425338e-197	Amil-Amillepora31666	Amil
3.39494349680683e-184	2.25005711812908	0.158	0.024	1.47523874710244e-179	Amil-Amillepora06966	Amil
9.97027050852439e-206	2.24858766795873	0.171	0.025	4.33248134677419e-201	Amil-Amillepora13029	Amil
1.25087485383531e-107	2.23961462514825	0.11	0.02	5.43555158985595e-103	Amil-Amillepora19031	Amil
1.40251575175676e-164	2.2347277511822	0.166	0.029	6.09449194768383e-160	Amil-Amillepora16403	Amil
2.11341179751165e-203	2.22447697999894	0.229	0.045	9.18361962490712e-199	Amil-Amillepora32195	Amil
9.9061555438167e-121	2.22040865578371	0.117	0.02	4.30462083001011e-116	Amil-Amillepora04474	Amil
0	2.21876881895869	0.378	0.054	0	Amil-Amillepora13031	Amil
4.33417589343045e-108	2.21787031685153	0.1	0.016	1.88337279273127e-103	Amil-Amillepora10042	Amil
6.20115166307648e-101	2.21528330612755	0.111	0.021	2.69464844367326e-96	Amil-Amillepora07196	Amil
3.28148288476896e-111	2.21241220914804	0.126	0.024	1.42593557274751e-106	Amil-orphan-316	Amil
9.06220347643871e-110	2.21041253649474	0.107	0.018	3.93788989865168e-105	Amil-Amillepora24676	Amil
1.41987180765196e-182	2.21016892276293	0.103	0.01	6.16991095297084e-178	Amil-Amillepora32315	Amil
0	2.20842536440115	0.647	0.149	0	Amil-Amillepora07326	Amil
1.5470525899372e-187	2.18621977771998	0.187	0.033	6.72256232431311e-183	Amil-Amillepora01091	Amil
1.17980216367968e-188	2.18445117244682	0.184	0.031	5.12671232205367e-184	Amil-Amillepora23700	Amil
6.7881679781446e-134	2.18158486854954	0.15	0.029	2.94973051322295e-129	Amil-Amillepora01432	Amil
2.52502600878819e-201	2.18083219570454	0.224	0.044	1.09722480185882e-196	Amil-orphan-606	Amil
1.74291065509193e-206	2.17858802226154	0.229	0.043	7.57364396063647e-202	Amil-Amillepora25615	Amil
1.17267830674525e-151	2.17527952389559	0.146	0.025	5.09575631413082e-147	Amil-Amillepora18998	Amil
4.61509852716651e-220	2.17240856011599	0.226	0.04	2.00544491399494e-215	Amil-orphan-7028	Amil
1.17159544140549e-282	2.17107797451494	0.278	0.048	5.09105083108342e-278	Amil-Amillepora06484	Amil
8.36018165514428e-188	2.16662206704145	0.166	0.026	3.6328333364264e-183	Amil-Amillepora30007	Amil
0	2.15077182357135	0.641	0.127	0	Amil-Amillepora01754	Amil
1.96136111089751e-148	2.13006565933522	0.144	0.024	8.52289857129405e-144	Amil-orphan-6472	Amil
8.99077298788521e-157	2.12852114694534	0.15	0.025	3.90685049415564e-152	Amil-Amillepora05911	Amil
9.46526295820578e-260	2.12506232710941	0.319	0.068	4.11303536585874e-255	Amil-Amillepora02993	Amil
1.61128398214921e-178	2.11743829979127	0.203	0.039	7.00167341603117e-174	Amil-Amillepora25954	Amil
1.93508660674325e-93	2.11101186194957	0.102	0.019	8.40872534094213e-89	Amil-orphan-10713	Amil
8.21849220543868e-118	2.106828840359	0.104	0.016	3.57126360295132e-113	Amil-Amillepora26157	Amil
1.53997261242188e-250	2.10030944092927	0.318	0.069	6.69179699001804e-246	Amil-Amillepora10770	Amil
1.15050836768656e-149	2.09681174509429	0.153	0.027	4.99941906094518e-145	Amil-Amillepora05733	Amil
1.51516952409738e-197	2.0518473239592	0.219	0.042	6.58401765001277e-193	Amil-Amillepora26545	Amil
6.72788915213051e-146	2.04205746343544	0.117	0.016	2.92353695216679e-141	Amil-Amillepora16366	Amil
5.76833049023523e-229	2.03124215951952	0.293	0.063	2.50657033122682e-224	Amil-Amillepora22172	Amil
0	2.02989432813001	0.504	0.121	0	Amil-Amillepora10009	Amil
1.2092414928322e-169	2.02598923181598	0.158	0.026	5.25463798295306e-165	Amil-Amillepora28043	Amil
1.69547590725463e-154	2.02475580430201	0.183	0.037	7.36752100738427e-150	Amil-Amillepora08574	Amil
4.83799716061507e-162	2.02265326301737	0.169	0.03	2.10230328617367e-157	Amil-Amillepora15281	Amil
2.11497835406279e-164	2.02202956343004	0.1	0.01	9.19042693974444e-160	Amil-orphan-6628	Amil
1.04631626587133e-209	2.02079274110755	0.223	0.041	4.54666270171728e-205	Amil-Amillepora16996	Amil
0	2.0181634950962	0.527	0.116	0	Amil-Amillepora10410	Amil
2.21188400464544e-201	2.01373924838293	0.282	0.067	9.61152075378629e-197	Amil-Amillepora03723	Amil
7.1222081329487e-250	2.00968130446995	0.27	0.051	3.09488432209153e-245	Amil-orphan-9381	Amil
3.53251607953208e-108	2.00058889535373	0.118	0.022	1.53501953719987e-103	Amil-Amillepora18808	Amil
0	1.99586764420705	0.533	0.118	0	Amil-orphan-13015	Amil
7.19565048942621e-138	1.98661626041246	0.149	0.028	3.12679796367526e-133	Amil-Amillepora24966	Amil
1.15889285901657e-239	1.98378118542103	0.351	0.087	5.0358530295706e-235	Amil-Amillepora05332	Amil
6.60559008674428e-108	1.97972689967238	0.123	0.024	2.87039311629386e-103	Amil-Amillepora16357	Amil
1.19480350637134e-162	1.97456156105152	0.185	0.036	5.19189915658604e-158	Amil-Amillepora06784	Amil
1.40729220448019e-246	1.962874581808	0.274	0.053	6.11524754534824e-242	Amil-Amillepora08741	Amil
5.35313322518617e-125	1.94458148231464	0.142	0.027	2.3261505116724e-120	Amil-Amillepora15157	Amil
8.42113648348375e-282	1.93293757764753	0.474	0.134	3.65932064753303e-277	Amil-Amillepora03464	Amil
0	1.93215202437608	0.679	0.202	0	Amil-Amillepora08001	Amil
0	1.91317010927062	0.673	0.239	0	Amil-Amillepora29180	Amil
4.53563436398346e-169	1.89580810876475	0.208	0.043	1.97091455652537e-164	Amil-Amillepora19727	Amil
1.38433572623833e-306	1.89519876272623	0.401	0.09	6.01549246479603e-302	Amil-Amillepora16163	Amil
1.27865696888078e-215	1.88558881925487	0.305	0.072	5.55627599257455e-211	Amil-Amillepora04960	Amil
7.71529947509741e-190	1.87585481593541	0.241	0.051	3.35260623390883e-185	Amil-Amillepora03610	Amil
1.16425509214489e-210	1.87425487934611	0.334	0.086	5.05915407740642e-206	Amil-Amillepora15536	Amil
1.22153043450059e-189	1.8732693327778	0.144	0.019	5.30803835007884e-185	Amil-Amillepora04937	Amil
2.24664022001357e-117	1.87260361054669	0.148	0.031	9.76255041204696e-113	Amil-Amillepora11079	Amil
4.91416348405672e-101	1.86406626540168	0.175	0.047	2.13540060036201e-96	Amil-Amillepora29423	Amil
1.03326671495137e-108	1.86102705343762	0.124	0.024	4.48995718314968e-104	Amil-Amillepora20001	Amil
7.79709699440306e-174	1.85802705573914	0.151	0.023	3.3881505279479e-169	Amil-Amillepora22297	Amil
0	1.85597708831328	0.434	0.094	0	Amil-Amillepora13014	Amil
7.4890322308098e-139	1.84777376772095	0.162	0.032	3.25428406557609e-134	Amil-Amillepora00492	Amil
4.64949337585714e-177	1.84746326879036	0.245	0.057	2.02039085154496e-172	Amil-Amillepora23256	Amil
4.93990734701283e-266	1.84577573829274	0.472	0.14	2.14658733857095e-261	Amil-Amillepora25219	Amil
1.88265142084476e-84	1.84309178067893	0.107	0.022	8.18087348413884e-80	Amil-Amillepora25095	Amil
1.54554174058679e-218	1.83860665618496	0.323	0.078	6.71599707954584e-214	Amil-Amillepora14127	Amil
6.56165171001808e-302	1.82480635592024	0.481	0.131	2.85130013407125e-297	Amil-Amillepora13134	Amil
2.37681999024767e-81	1.82387191036669	0.116	0.027	1.03282335856222e-76	Amil-Amillepora02482	Amil
5.82639899662691e-86	1.81743011069709	0.115	0.025	2.53180341999426e-81	Amil-Amillepora26954	Amil
1.11093176061798e-174	1.81677106756985	0.216	0.045	4.82744287258937e-170	Amil-Amillepora03353	Amil
2.92446759182808e-108	1.81616719255872	0.176	0.045	1.27079814735297e-103	Amil-Amillepora03123	Amil
4.59815246072227e-177	1.81100693652653	0.189	0.034	1.99808117028226e-172	Amil-Amillepora26996	Amil
5.79722165879563e-53	1.81030702236962	0.107	0.032	2.51912469961305e-48	Amil-Amillepora33314	Amil
1.23673201413935e-304	1.80958439337703	0.457	0.117	5.37409529424113e-300	Amil-Amillepora16773	Amil
4.0010243450908e-86	1.78663687072159	0.113	0.024	1.73860511891576e-81	Amil-Amillepora16356	Amil
1.08684337851533e-183	1.78326673359076	0.297	0.077	4.72276921700053e-179	Amil-Amillepora20071	Amil
1.06664527312539e-142	1.77028251093556	0.192	0.043	4.63500036983906e-138	Amil-orphan-13374	Amil
0	1.76777397151279	0.852	0.432	0	Amil-Amillepora11218	Amil
7.18018417645681e-104	1.75240285491565	0.156	0.038	3.12007723203754e-99	Amil-Amillepora14695	Amil
2.6119355699981e-146	1.74867440538282	0.229	0.057	1.13499048258698e-141	Amil-Amillepora24703	Amil
1.61794455011421e-160	1.7478084633907	0.104	0.012	7.03061624806628e-156	Amil-Amillepora06493	Amil
5.13538277742133e-123	1.73526202196682	0.172	0.039	2.23152923210067e-118	Amil-Amillepora09985	Amil
5.46633846714166e-276	1.72795206601551	0.394	0.095	2.37534271751174e-271	Amil-Amillepora15211	Amil
1.0339218861125e-67	1.72631806079759	0.106	0.026	4.49280416391328e-63	Amil-Amillepora01122	Amil
8.03677721346214e-104	1.7231697482334	0.206	0.061	3.49230117033784e-99	Amil-Amillepora21259	Amil
6.55605293251138e-88	1.71964141034418	0.116	0.025	2.84886724129349e-83	Amil-Amillepora33799	Amil
9.09123194627513e-196	1.71650274113745	0.355	0.101	3.9505039299344e-191	Amil-Amillepora26066	Amil
8.33856086575468e-195	1.71309858442988	0.272	0.064	3.62343823860504e-190	Amil-Amillepora34773	Amil
8.36155237138342e-175	1.71121837179927	0.274	0.069	3.63342896746095e-170	Amil-Amillepora17888	Amil
3.09369092749402e-210	1.71043819763351	0.242	0.047	1.34433245563325e-205	Amil-Amillepora16826	Amil
6.36104570563145e-295	1.70749510664421	0.488	0.131	2.76412880092509e-290	Amil-Amillepora33597	Amil
7.12090451160912e-70	1.70641871891069	0.109	0.027	3.09431784647463e-65	Amil-Amillepora27941	Amil
4.69025557781344e-70	1.67949508375021	0.113	0.029	2.03810365878305e-65	Amil-Amillepora18943	Amil
1.40081125361469e-220	1.67248891508735	0.33	0.08	6.08708522145728e-216	Amil-Amillepora06318	Amil
3.93963691206524e-117	1.66430549891198	0.205	0.054	1.71192982376883e-112	Amil-Amillepora23231	Amil
1.73515975247657e-241	1.66217358753944	0.419	0.117	7.5399631884117e-237	Amil-Amillepora13135	Amil
3.72074404741103e-95	1.65939444899778	0.143	0.034	1.61681211836199e-90	Amil-Amillepora19758	Amil
1.32238311159323e-121	1.65658194195669	0.191	0.047	5.74628357311724e-117	Amil-Amillepora07767	Amil
1.51218734396827e-154	1.65133094820827	0.218	0.05	6.57105888447973e-150	Amil-Amillepora00998	Amil
5.13782846171126e-112	1.64964975142048	0.192	0.051	2.23259197975201e-107	Amil-orphan-9543	Amil
3.60285378993144e-86	1.64626258445023	0.109	0.023	1.56558408587681e-81	Amil-orphan-13702	Amil
1.2737986832884e-155	1.64345940267609	0.25	0.063	5.53516479836142e-151	Amil-Amillepora10142	Amil
2.5295033601985e-153	1.64259390594011	0.279	0.079	1.09917039014066e-148	Amil-Amillepora16106	Amil
3.61848311605839e-84	1.64047600993052	0.146	0.038	1.57237565325201e-79	Amil-Amillepora12578	Amil
1.3037360296334e-116	1.63731864319074	0.189	0.048	5.66525454316898e-112	Amil-Amillepora33594	Amil
4.86420304180987e-115	1.62891306764284	0.177	0.043	2.11369078978806e-110	Amil-Amillepora04844	Amil
1.26808604109898e-310	1.62778428736313	0.475	0.121	5.5103410829915e-306	Amil-Amillepora17038	Amil
3.84112445298025e-289	1.62582953051774	0.59	0.196	1.66912221979804e-284	Amil-Amillepora12976	Amil
2.22493990106213e-83	1.62447309659339	0.145	0.038	9.66825384607538e-79	Amil-Amillepora00276	Amil
6.0899887275001e-39	1.62429280241811	0.184	0.082	2.64634370164789e-34	Amil-Amillepora16716	Amil
1.02962437032326e-114	1.61760544384517	0.176	0.043	4.47412973880271e-110	Amil-Amillepora20876	Amil
1.72207640841268e-107	1.61706485983355	0.19	0.052	7.48311082511645e-103	Amil-Amillepora19059	Amil
1.86042010021674e-222	1.61424175766238	0.479	0.16	8.08426950348183e-218	Amil-Amillepora21257	Amil
1.56527916406158e-124	1.61350559094842	0.183	0.044	6.80176407951318e-120	Amil-Amillepora31906	Amil
6.18030786761559e-175	1.6130256874892	0.284	0.072	2.68559098079368e-170	Amil-Amillepora23674	Amil
5.65243485405968e-75	1.61194805394165	0.1	0.022	2.45620904148309e-70	Amil-Amillepora14824	Amil
3.33146135710076e-203	1.60668003053246	0.35	0.095	1.44765321811456e-198	Amil-Amillepora14065	Amil
2.93594542914809e-203	1.59529986921258	0.428	0.136	1.27578572678201e-198	Amil-Amillepora07708	Amil
3.87092003686751e-122	1.58894797198281	0.134	0.025	1.68206959282041e-117	Amil-Amillepora14022	Amil
3.77634501676892e-86	1.58603421628919	0.127	0.03	1.64097296358677e-81	Amil-Amillepora27434	Amil
1.097669743522e-227	1.58574173465814	0.581	0.23	4.76981410350049e-223	Amil-Amillepora20652	Amil
1.04320874594303e-117	1.58539432830692	0.19	0.047	4.53315928462086e-113	Amil-Amillepora32182	Amil
2.64562742740831e-104	1.58517792851625	0.174	0.045	1.14963094230601e-99	Amil-Amillepora16509	Amil
6.10721817172324e-95	1.58370128277189	0.173	0.047	2.65383058434062e-90	Amil-Amillepora01061	Amil
4.15255317797246e-145	1.58067869992925	0.237	0.061	1.80445045795615e-140	Amil-Amillepora04548	Amil
4.85168623079352e-97	1.57689046704508	0.172	0.046	2.10825173472902e-92	Amil-Amillepora36846	Amil
4.94542536380209e-218	1.57682760074389	0.471	0.158	2.14898513758656e-213	Amil-Amillepora34111	Amil
2.11476472386778e-187	1.57340093290123	0.351	0.102	9.18949863109506e-183	Amil-Amillepora21982	Amil
5.26440412451866e-188	1.56727843817392	0.509	0.202	2.28759416826834e-183	Amil-Amillepora13319	Amil
1.88948216341546e-119	1.56453513430829	0.163	0.036	8.21055579290552e-115	Amil-Amillepora19787	Amil
6.3406677915628e-267	1.55636338383069	0.587	0.204	2.7552737821457e-262	Amil-Amillepora19347	Amil
5.12084306934355e-104	1.54958479627449	0.153	0.036	2.22521114735255e-99	Amil-orphan-14145	Amil
1.03586089428093e-97	1.54768794947167	0.15	0.036	4.50122993000837e-93	Amil-orphan-5536	Amil
3.21831625454237e-83	1.54415450409512	0.123	0.029	1.39848714524884e-78	Amil-orphan-14147	Amil
3.56968679566663e-195	1.53295256665662	0.343	0.093	1.55117170018898e-190	Amil-Amillepora24662	Amil
4.10057557122678e-113	1.52642785871142	0.203	0.055	1.78186410872088e-108	Amil-Amillepora21958	Amil
4.62715643626429e-238	1.52296414558706	0.325	0.073	2.01068455781429e-233	Amil-Amillepora13107	Amil
1.76213010435882e-194	1.51140306940288	0.366	0.105	7.6571601554808e-190	Amil-Amillepora10167	Amil
2.05289958538188e-74	1.50616067156259	0.131	0.036	8.92066985831843e-70	Amil-Amillepora17995	Amil
1.24133240730465e-266	1.50402231621405	0.53	0.164	5.39408584270161e-262	Amil-Amillepora30418	Amil
2.65807317462591e-321	1.49945847133176	0.908	0.449	1.15503911730194e-316	Amil-Amillepora23548	Amil
4.68682698493522e-89	1.4916831846706	0.161	0.044	2.03661379803375e-84	Amil-Amillepora20436	Amil
4.61441826382286e-71	1.48934220216523	0.111	0.027	2.00514931236159e-66	Amil-Amillepora28969	Amil
5.28831876545944e-46	1.48920486508911	0.11	0.036	2.29798603634274e-41	Amil-Amillepora20471	Amil
2.32302296251775e-78	1.48755336982816	0.134	0.035	1.00944639813246e-73	Amil-Amillepora36703	Amil
3.47490341227425e-199	1.487278069428	0.42	0.132	1.50998452876965e-194	Amil-Amillepora26189	Amil
1.81441602064536e-131	1.47867557006307	0.254	0.073	7.88436337611236e-127	Amil-Amillepora27994	Amil
6.25776738561754e-144	1.47812588481344	0.288	0.085	2.71925023974625e-139	Amil-Amillepora09803	Amil
3.94845026983363e-168	1.47734315352485	0.36	0.113	1.7157595802535e-163	Amil-Amillepora27500	Amil
2.63416190710687e-106	1.47692326873125	0.239	0.076	1.14464871511422e-101	Amil-Amillepora26036	Amil
0.315114219768079	1.47634498873728	0.11	0.122	1	Amil-Amillepora05805	Amil
3.31985216823093e-77	1.47274631392245	0.126	0.032	1.44260856118307e-72	Amil-Amillepora17999	Amil
1.82844138192062e-171	1.47121446315398	0.349	0.106	7.94530918099786e-167	Amil-Amillepora06829	Amil
7.60333840049931e-95	1.46524368013702	0.173	0.047	3.30395466855297e-90	Amil-Amillepora00671	Amil
7.26676981982426e-138	1.46453333696004	0.235	0.061	3.15770215750643e-133	Amil-orphan-554	Amil
7.16006279270428e-67	1.4637222185433	0.121	0.033	3.11133368594172e-62	Amil-Amillepora17889	Amil
1.51377880764628e-58	1.46023037747444	0.112	0.032	6.57797443074615e-54	Amil-Amillepora24954	Amil
3.18049852046152e-89	1.45890741030298	0.171	0.049	1.38205382708135e-84	Amil-Amillepora06319	Amil
1.45846179106821e-70	1.45752603142476	0.129	0.036	6.3375998669078e-66	Amil-Amillepora20417	Amil
0	1.45505327720929	0.839	0.241	0	Amil-Amillepora19233	Amil
8.40240349907032e-158	1.45394744139482	0.333	0.104	3.65118041648602e-153	Amil-Amillepora04366	Amil
9.24823348735147e-84	1.4507966357021	0.168	0.049	4.01872737959371e-79	Amil-Amillepora10049	Amil
5.8247335089439e-101	1.44902624033067	0.187	0.052	2.53107969897648e-96	Amil-Amillepora12352	Amil
8.95198784655046e-175	1.44140645378996	0.304	0.08	3.88999679884004e-170	Amil-Amillepora14399	Amil
1.97929052894374e-65	1.44117757147127	0.126	0.036	8.60080906447215e-61	Amil-Amillepora15434	Amil
1.74456080330598e-108	1.43067264664866	0.219	0.063	7.58081451468582e-104	Amil-Amillepora10495	Amil
5.15691344030305e-146	1.42829454437188	0.301	0.091	2.24088516634929e-141	Amil-Amillepora04102	Amil
1.4638635889762e-165	1.42787004056737	0.38	0.127	6.36107283953717e-161	Amil-Amillepora12426	Amil
5.16680067303034e-64	1.42680730875143	0.107	0.028	2.2451815644586e-59	Amil-Amillepora18465	Amil
2.77448385602577e-46	1.4193147723378	0.227	0.107	1.20562421479744e-41	Amil-Amillepora25344	Amil
5.7432465296112e-119	1.40994433232195	0.26	0.08	2.49567034697725e-114	Amil-Amillepora04160	Amil
1.44137567359371e-286	1.40807211249706	0.744	0.301	6.26335385203412e-282	Amil-Amillepora16777	Amil
2.67373341362312e-94	1.40706241026551	0.211	0.067	1.16184411755579e-89	Amil-Amillepora20505	Amil
4.8605138368811e-297	1.40668400815909	0.724	0.283	2.11208768267831e-292	Amil-Amillepora32265	Amil
7.78858468364569e-215	1.40614710597421	0.447	0.139	3.3844515884314e-210	Amil-Amillepora18526	Amil
1.28784279390441e-93	1.40415838748067	0.163	0.043	5.59619207663223e-89	Amil-Amillepora10419	Amil
4.96563595781846e-97	1.39824973937656	0.186	0.052	2.15776744911043e-92	Amil-Amillepora32582	Amil
2.96189884054877e-68	1.39599113311199	0.11	0.027	1.28706352217206e-63	Amil-Amillepora15365	Amil
7.65661032155901e-77	1.39542732844214	0.179	0.057	3.32710344913025e-72	Amil-Amillepora06036	Amil
1.62849792526898e-190	1.39463220569015	0.39	0.117	7.07647488446383e-186	Amil-Amillepora20727	Amil
1.02077370073135e-198	1.39361619303295	0.399	0.121	4.43567003915802e-194	Amil-Amillepora07704	Amil
8.58766529622071e-73	1.3932586129313	0.185	0.063	3.73168407781975e-68	Amil-orphan-6562	Amil
8.67594476091401e-95	1.39324079101869	0.166	0.044	3.77004503640758e-90	Amil-Amillepora07097	Amil
1.60882706699608e-120	1.39273681467009	0.242	0.07	6.99099713692478e-116	Amil-Amillepora14495	Amil
3.82722004380604e-100	1.39244070916591	0.272	0.098	1.66308019783548e-95	Amil-Amillepora17927	Amil
5.77683495902634e-188	1.38547961059128	0.484	0.176	2.51026586309531e-183	Amil-Amillepora16797	Amil
8.99132174746083e-209	1.38541088431591	0.566	0.218	3.90708895214163e-204	Amil-Amillepora04681	Amil
6.43819485549262e-124	1.38361333982942	0.175	0.039	2.79765319250576e-119	Amil-Amillepora04411	Amil
1.24368820366762e-60	1.38345507593365	0.105	0.027	5.4043227202173e-56	Amil-Amillepora24385	Amil
1.23376996201543e-291	1.38313380233272	0.812	0.371	5.36122399294186e-287	Amil-Amillepora11073	Amil
2.61845695719004e-122	1.37519716159116	0.317	0.112	1.13782428617736e-117	Amil-Amillepora05924	Amil
2.16647165099499e-109	1.37451420616056	0.298	0.107	9.41418591223365e-105	Amil-Amillepora13103	Amil
6.02956369566619e-148	1.3742715044621	0.355	0.122	2.62008660831479e-143	Amil-Amillepora22313	Amil
6.01370389955101e-124	1.3646444265447	0.275	0.086	2.6131948925109e-119	Amil-Amillepora27376	Amil
2.23154029814824e-44	1.35894459149097	0.105	0.034	9.69693521157334e-40	Amil-orphan-3569	Amil
1.1093071367514e-100	1.35685465582489	0.215	0.066	4.82038323203955e-96	Amil-Amillepora23099	Amil
2.11753997643914e-51	1.35261394171937	0.119	0.038	9.20155821361862e-47	Amil-Amillepora24984	Amil
1.18991916052444e-84	1.34784335168472	0.156	0.043	5.17067472014291e-80	Amil-Amillepora11750	Amil
9.17142529135197e-115	1.34515372003237	0.287	0.098	3.98535114610409e-110	Amil-Amillepora10407	Amil
2.21905146859021e-66	1.34479308965224	0.138	0.041	9.64266625161188e-62	Amil-Amillepora19528	Amil
6.3392178949653e-65	1.34403035627595	0.138	0.041	2.75464374407822e-60	Amil-Amillepora01387	Amil
7.01554333847524e-75	1.34313973501359	0.135	0.036	3.04853420230103e-70	Amil-Amillepora27807	Amil
2.48819625327425e-103	1.33771344759076	0.234	0.074	1.08122079989779e-98	Amil-Amillepora00859	Amil
3.02917452699283e-71	1.33602160981752	0.176	0.058	1.31629749895946e-66	Amil-Amillepora36732	Amil
6.34245440981059e-63	1.33282281013571	0.147	0.047	2.75605013923909e-58	Amil-Amillepora00762	Amil
7.66697723576052e-191	1.33278910700977	0.399	0.123	3.33160828802737e-186	Amil-Amillepora20871	Amil
1.47742050230372e-92	1.32755609197269	0.242	0.083	6.41998305071057e-88	Amil-Amillepora11835	Amil
4.62782165591563e-48	1.32260378500636	0.1	0.03	2.01097362236158e-43	Amil-orphan-14382	Amil
9.11610789540017e-81	1.32057297627635	0.172	0.052	3.96131352486719e-76	Amil-Amillepora23710	Amil
5.88669053783407e-56	1.31965893854547	0.125	0.039	2.55800250631041e-51	Amil-Amillepora31926	Amil
8.41563443004869e-53	1.3131979295721	0.108	0.032	3.65692978523336e-48	Amil-Amillepora30489	Amil
2.78155305067992e-76	1.31065950042455	0.178	0.057	1.20869606264245e-71	Amil-Amillepora20271	Amil
5.20084751589513e-117	1.30702149954984	0.294	0.1	2.25997627955707e-112	Amil-Amillepora04329	Amil
4.94392753219373e-125	1.30396953325567	0.414	0.17	2.14833426983946e-120	Amil-Amillepora37085	Amil
1.74199290823705e-90	1.30317457952845	0.177	0.05	7.56965598345328e-86	Amil-Amillepora32109	Amil
4.59006115863632e-91	1.30290597461948	0.242	0.085	1.99456517587383e-86	Amil-Amillepora08535	Amil
6.43620230157274e-51	1.30217459685723	0.1	0.029	2.79678734812542e-46	Amil-Amillepora04916	Amil
2.19985039211274e-60	1.29998284689322	0.167	0.059	9.55922989388669e-56	Amil-orphan-8021	Amil
1.29586100415841e-73	1.29709077114068	0.171	0.054	5.63103440746996e-69	Amil-Amillepora13994	Amil
3.94626632691074e-38	1.29660543707764	0.1	0.035	1.71481056969579e-33	Amil-orphan-10701	Amil
1.42626606902608e-133	1.29542275436515	0.454	0.188	6.19769657634592e-129	Amil-Amillepora32181	Amil
4.3081766236615e-47	1.29134691492144	0.165	0.067	1.87207507004587e-42	Amil-Amillepora19113	Amil
3.58751560929389e-193	1.28745315444613	0.593	0.25	1.55891903286257e-188	Amil-Amillepora09116	Amil
2.2494169511979e-47	1.28683420951785	0.137	0.05	9.77461641973534e-43	Amil-Amillepora19061	Amil
2.64057926664142e-36	1.28079264696536	0.105	0.038	1.14743731452636e-31	Amil-orphan-7617	Amil
4.27297156221926e-83	1.28032123238819	0.198	0.063	1.85677706264676e-78	Amil-Amillepora18293	Amil
4.36977258352386e-89	1.27962929273226	0.249	0.09	1.89884097844446e-84	Amil-Amillepora06722	Amil
1.07002489797478e-50	1.2779008077706	0.138	0.048	4.64968619165963e-46	Amil-orphan-10742	Amil
9.62319503181868e-270	1.27702864671474	0.845	0.416	4.18166316912649e-265	Amil-Amillepora00980	Amil
5.90467357860568e-90	1.27658539104325	0.223	0.074	2.56581685684731e-85	Amil-Amillepora19854	Amil
3.87143977633167e-47	1.27574483123725	0.104	0.032	1.68229544040716e-42	Amil-Amillepora23118	Amil
4.81383513136282e-71	1.27397077131807	0.165	0.053	2.0918039179824e-66	Amil-Amillepora35602	Amil
1.72110797960167e-74	1.27381100521408	0.141	0.039	7.4789026145611e-70	Amil-Amillepora04674	Amil
3.07628212917413e-78	1.27297760551097	0.189	0.062	1.33676763641133e-73	Amil-orphan-2015	Amil
0	1.27282716247486	0.987	0.803	0	Amil-Amillepora07717	Amil
2.27789630448193e-131	1.2698964076246	0.393	0.152	9.8983706014958e-127	Amil-Amillepora30437	Amil
2.18186518789215e-103	1.26921939051929	0.29	0.104	9.48107698746654e-99	Amil-Amillepora05446	Amil
2.41563993739497e-72	1.2648573444599	0.193	0.067	1.04969217839561e-67	Amil-Amillepora15883	Amil
1.49178764047007e-80	1.26350505533188	0.198	0.065	6.48241401289866e-76	Amil-Amillepora21896	Amil
5.06501861790185e-65	1.26144077416884	0.145	0.045	2.20095319022307e-60	Amil-Amillepora00265	Amil
2.85174163813839e-193	1.25460828379213	0.328	0.088	1.23919581143666e-188	Amil-orphan-5076	Amil
6.24447455732248e-69	1.25409033290876	0.146	0.044	2.71347397413891e-64	Amil-Amillepora19368	Amil
8.2114401615093e-76	1.24931505333917	0.195	0.066	3.56819920778225e-71	Amil-Amillepora12215	Amil
3.78049818278651e-87	1.24885420361105	0.2	0.062	1.64277768034805e-82	Amil-Amillepora09700	Amil
6.30564223380319e-145	1.24296374986558	0.351	0.116	2.74005377627684e-140	Amil-Amillepora19756	Amil
8.77666783103982e-75	1.24286759859181	0.171	0.053	3.81381323930004e-70	Amil-Amillepora12085	Amil
3.60874655336599e-78	1.24084779273612	0.175	0.055	1.56814472729966e-73	Amil-Amillepora33061	Amil
4.96208777910414e-152	1.23791675935428	0.502	0.214	2.15622562353191e-147	Amil-Amillepora32899	Amil
4.8282851910097e-48	1.23681202724287	0.125	0.042	2.09808304690136e-43	Amil-Amillepora28813	Amil
4.40645106018651e-141	1.23375374368211	0.465	0.195	1.91477924369345e-136	Amil-Amillepora29558	Amil
6.57099005548713e-45	1.23087242828709	0.119	0.041	2.85535801871138e-40	Amil-Amillepora14790	Amil
6.73303990568898e-89	1.23026174030007	0.283	0.111	2.92577516061809e-84	Amil-Amillepora22525	Amil
4.34520302444648e-48	1.23003695429537	0.109	0.034	1.88816452224297e-43	Amil-Amillepora25254	Amil
4.25976488072333e-69	1.22856140754418	0.105	0.025	1.85103823126952e-64	Amil-Amillepora01989	Amil
1.1819813578214e-76	1.22775261233476	0.213	0.076	5.13618179227713e-72	Amil-Amillepora30882	Amil
2.06005623047536e-102	1.22675874801803	0.222	0.067	8.95176834390763e-98	Amil-Amillepora16527	Amil
3.58630875315741e-49	1.2250291729611	0.178	0.073	1.55839460559702e-44	Amil-Amillepora06329	Amil
5.88263957297975e-56	1.22224644060237	0.131	0.042	2.55624220004262e-51	Amil-Amillepora26677	Amil
1.36896271315634e-48	1.2213323025052	0.112	0.035	5.94869057374955e-44	Amil-Amillepora13727	Amil
6.90316663278365e-147	1.22067601326568	0.478	0.201	2.99970202860981e-142	Amil-Amillepora01789	Amil
7.74553703364638e-55	1.21539928151648	0.12	0.037	3.3657456626007e-50	Amil-Amillepora23725	Amil
4.69854572357727e-41	1.21419601639319	0.11	0.038	2.04170605872327e-36	Amil-Amillepora04853	Amil
4.4232728101052e-119	1.20538513107019	0.298	0.1	1.92208896690311e-114	Amil-Amillepora18826	Amil
1.04247325502975e-166	1.20522540577391	0.422	0.143	4.52996328240627e-162	Amil-Amillepora33560	Amil
1.51108889747628e-160	1.20493170064026	0.451	0.167	6.56628569509341e-156	Amil-Amillepora31661	Amil
2.52077820613458e-38	1.20472889152484	0.104	0.036	1.09537896169372e-33	Amil-Amillepora29000	Amil
6.92421547992382e-50	1.20286756587414	0.125	0.042	3.0088485946461e-45	Amil-Amillepora13710	Amil
5.07054614813847e-117	1.19522528904474	0.386	0.155	2.20335512321209e-112	Amil-Amillepora31932	Amil
4.33063472361074e-148	1.19482643616621	0.412	0.151	1.88183401279781e-143	Amil-Amillepora04769	Amil
1.88591294056804e-70	1.19184525140003	0.193	0.068	8.19504609194437e-66	Amil-Amillepora25315	Amil
6.63813814757452e-40	1.19121422419419	0.101	0.034	2.88453655064703e-35	Amil-Amillepora15510	Amil
1.58931854961523e-57	1.18629745782465	0.131	0.041	6.90622482549803e-53	Amil-Amillepora03148	Amil
7.51459641539125e-41	1.18431134151078	0.136	0.053	3.26539272634411e-36	Amil-Amillepora14200	Amil
1.37151198955688e-36	1.18377865296786	0.1	0.035	5.95976819942045e-32	Amil-Amillepora15523	Amil
5.38894775006891e-127	1.18327624928523	0.373	0.14	2.34171335531494e-122	Amil-Amillepora01756	Amil
9.69627749796539e-124	1.17826691940471	0.342	0.12	4.21342042396588e-119	Amil-Amillepora12610	Amil
7.67463601058578e-128	1.17729861699232	0.344	0.119	3.33493633203995e-123	Amil-orphan-1598	Amil
2.13455288499262e-105	1.17095276123625	0.279	0.096	9.27548610644694e-101	Amil-Amillepora08955	Amil
2.32284804531935e-161	1.16932793731262	0.437	0.158	1.00937038961307e-156	Amil-Amillepora10010	Amil
1.48630281845131e-86	1.16626352695237	0.266	0.1	6.45858026729834e-82	Amil-Amillepora35798	Amil
2.27945281031227e-71	1.16618785662014	0.146	0.042	9.90513424193095e-67	Amil-Amillepora14427	Amil
2.83769804788478e-67	1.16581481425166	0.179	0.062	1.23309330972785e-62	Amil-Amillepora08527	Amil
1.82527529217871e-96	1.16573453495886	0.285	0.104	7.93155125463338e-92	Amil-Amillepora20346	Amil
5.34215614740322e-51	1.16367147893206	0.13	0.044	2.32138053229259e-46	Amil-Amillepora25281	Amil
9.60255456671215e-68	1.15779983978488	0.177	0.06	4.1726940614191e-63	Amil-Amillepora06903	Amil
8.65088429005079e-107	1.15676056678477	0.293	0.102	3.75915525939867e-102	Amil-orphan-8229	Amil
6.68562441458801e-50	1.15643376984727	0.138	0.048	2.90517123311507e-45	Amil-Amillepora22344	Amil
1.44350028860858e-65	1.15284889907913	0.25	0.106	6.27258615411972e-61	Amil-Amillepora26159	Amil
2.81852417413531e-63	1.15111710914378	0.179	0.064	1.22476149462876e-58	Amil-Amillepora19945	Amil
1.78919339252571e-68	1.15110163770415	0.206	0.076	7.77476096788122e-64	Amil-Amillepora22294	Amil
4.49406856293963e-140	1.15066939542963	0.615	0.313	1.95285255333979e-135	Amil-Amillepora04314	Amil
4.90862958168558e-50	1.15041290243001	0.143	0.052	2.13299589842565e-45	Amil-Amillepora10841	Amil
4.96025660547402e-43	1.14877501964288	0.113	0.039	2.15542990534268e-38	Amil-Amillepora14677	Amil
6.48480855198685e-115	1.14851860708477	0.339	0.126	2.81790870818037e-110	Amil-Amillepora10359	Amil
1.69103487501925e-98	1.14758088177221	0.347	0.144	7.34822294590866e-94	Amil-Amillepora24441	Amil
6.35193416640977e-55	1.14610768502972	0.148	0.051	2.7601694726717e-50	Amil-Amillepora25373	Amil
5.76552740090667e-99	1.14261572280129	0.313	0.122	2.50535227678999e-94	Amil-Amillepora35599	Amil
6.49765717190329e-69	1.14119616018202	0.221	0.085	2.82349194747885e-64	Amil-Amillepora07325	Amil
4.76483215526955e-81	1.13824281094224	0.263	0.102	2.07051016475083e-76	Amil-Amillepora24164	Amil
6.09900287256061e-106	1.13758689333736	0.307	0.11	2.65026070824249e-101	Amil-Amillepora27349	Amil
4.25206449720473e-223	1.13680306056393	0.16	0.02	1.84769210661534e-218	Amil-Amillepora22085	Amil
2.35284954611022e-84	1.13676987296112	0.291	0.117	1.02240724176674e-79	Amil-Amillepora11216	Amil
4.80458095330877e-37	1.13676271281087	0.113	0.042	2.08778260745079e-32	Amil-Amillepora34857	Amil
8.82928529118893e-170	1.13508419322652	0.708	0.378	3.83667763043324e-165	Amil-orphan-7031	Amil
5.91426170075959e-127	1.13161169972314	0.371	0.137	2.56998327944807e-122	Amil-Amillepora14756	Amil
4.51793195630727e-43	1.12588438676809	0.103	0.033	1.96322215229376e-38	Amil-Amillepora24782	Amil
1.71045386796782e-155	1.12564861851635	0.403	0.138	7.43260623786736e-151	Amil-Amillepora00128	Amil
3.80624629469713e-49	1.1197378911954	0.125	0.042	1.65396626489769e-44	Amil-Amillepora13351	Amil
9.66026533198441e-74	1.11471113329932	0.17	0.053	4.19777169736051e-69	Amil-Amillepora08427	Amil
3.78015991529025e-97	1.11454119743865	0.236	0.076	1.64263068959023e-92	Amil-Amillepora27025	Amil
2.68283905111297e-40	1.11053055424006	0.134	0.052	1.16580088127063e-35	Amil-Amillepora10420	Amil
1.78002025141598e-128	1.11022773611825	0.386	0.145	7.73490000050299e-124	Amil-Amillepora10695	Amil
5.23300664722705e-42	1.10847480145435	0.101	0.033	2.27395070848604e-37	Amil-Amillepora12468	Amil
3.63736275471783e-83	1.10701499491158	0.396	0.19	1.58057961143508e-78	Amil-Amillepora29486	Amil
8.43228305263276e-51	1.10685207301276	0.158	0.06	3.66416427769104e-46	Amil-orphan-7980	Amil
3.39047725683916e-59	1.10595359194333	0.138	0.043	1.47329798718689e-54	Amil-Amillepora25077	Amil
8.72551149634151e-59	1.10525394115708	0.143	0.047	3.79158376562024e-54	Amil-Amillepora00923	Amil
7.49979622456043e-74	1.10374457992507	0.215	0.078	3.25896145142049e-69	Amil-Amillepora00769	Amil
3.11460870577947e-116	1.10039971257126	0.254	0.077	1.35342206700941e-111	Amil-Amillepora12932	Amil
8.20306619472389e-58	1.09767547011809	0.177	0.065	3.56456038425532e-53	Amil-Amillepora05991	Amil
4.26145564494804e-49	1.09550810732589	0.174	0.07	1.85177293595572e-44	Amil-Amillepora10234	Amil
1.14134812052912e-43	1.09166360695139	0.117	0.04	4.95961412294724e-39	Amil-Amillepora32206	Amil
1.89279946938241e-84	1.08853742029685	0.305	0.126	8.22497081425433e-80	Amil-Amillepora10097	Amil
4.51978112229995e-41	1.08688841369027	0.105	0.035	1.96402568888422e-36	Amil-Amillepora24291	Amil
2.54246324381414e-201	1.08488920473479	0.773	0.379	1.104801977967e-196	Amil-Amillepora16433	Amil
9.72796466968469e-51	1.08410643162019	0.145	0.051	4.22718976756479e-46	Amil-Amillepora14083	Amil
3.36553983016879e-66	1.08393360664025	0.214	0.083	1.46246167780155e-61	Amil-Amillepora17507	Amil
1.86366026449441e-88	1.08090350067861	0.204	0.065	8.098349313334e-84	Amil-Amillepora26171	Amil
1.66092283894025e-32	1.07836391596273	0.101	0.038	7.21737410433096e-28	Amil-Amillepora29576	Amil
9.8849298077011e-48	1.0776725008649	0.134	0.047	4.29539739863844e-43	Amil-Amillepora28815	Amil
7.43341835932381e-63	1.07657839211645	0.194	0.073	3.23011761386057e-58	Amil-Amillepora10256	Amil
4.61225697747099e-76	1.07595356957212	0.272	0.111	2.00421014699024e-71	Amil-Amillepora03045	Amil
1.93692807174239e-107	1.07441245784277	0.331	0.125	8.4167272429494e-103	Amil-Amillepora05880	Amil
4.52542934470987e-40	1.07364310404524	0.117	0.043	1.96648006745023e-35	Amil-Amillepora08372	Amil
3.33836378837056e-34	1.07342251531633	0.101	0.037	1.45065260059854e-29	Amil-Amillepora16578	Amil
1.14906259813781e-39	1.07247390432459	0.136	0.053	4.99313661394803e-35	Amil-Amillepora20193	Amil
4.66363911113393e-266	1.07161222700723	0.902	0.546	2.02653773935214e-261	Amil-Amillepora22643	Amil
1.3175161150887e-36	1.07009384620329	0.106	0.038	5.72513452650642e-32	Amil-Amillepora12218	Amil
6.84646394718695e-62	1.06992246294229	0.135	0.041	2.97506244361062e-57	Amil-Amillepora20893	Amil
2.99019908041508e-53	1.06944777837669	0.2	0.083	1.29936110840357e-48	Amil-Amillepora12697	Amil
4.80415241786956e-123	1.06809855775672	0.568	0.288	2.08759639166104e-118	Amil-Amillepora03635	Amil
9.62498742304354e-24	1.0615779319124	0.104	0.046	4.18244203480934e-19	Amil-Amillepora37237	Amil
2.45726260499834e-40	1.05929262294247	0.131	0.05	1.06777889237598e-35	Amil-Amillepora05920	Amil
3.18924020207433e-56	1.05873495244804	0.234	0.101	1.38585243740938e-51	Amil-Amillepora07639	Amil
1.00933535266085e-69	1.05628658737119	0.22	0.083	4.38596584145247e-65	Amil-Amillepora26104	Amil
9.05511014832182e-37	1.05608885718259	0.145	0.062	3.93480756385176e-32	Amil-Amillepora04544	Amil
1.88505611607522e-28	1.05424467409236	0.102	0.041	8.19132284679327e-24	Amil-Amillepora25098	Amil
1.20662274529406e-36	1.05387849652273	0.129	0.052	5.2432584774008e-32	Amil-orphan-9021	Amil
1.59317521303913e-98	1.05303401980952	0.319	0.124	6.92298357074024e-94	Amil-Amillepora24045	Amil
1.10813411073545e-33	1.05206996180243	0.104	0.039	4.81528596478981e-29	Amil-Amillepora19762	Amil
1.48138002167618e-64	1.04853217067027	0.187	0.067	6.43718874619166e-60	Amil-orphan-575	Amil
7.89734148325986e-43	1.04790897430363	0.183	0.081	3.43171076813574e-38	Amil-orphan-5738	Amil
4.92497355278501e-66	1.0430949592938	0.195	0.071	2.1400980076272e-61	Amil-Amillepora22140	Amil
1.6865231069871e-96	1.0410090325518	0.306	0.116	7.32861750910176e-92	Amil-Amillepora08857	Amil
7.45092603983931e-42	1.0385075105306	0.197	0.09	3.23772540135177e-37	Amil-orphan-2795	Amil
5.09715895536321e-30	1.03773069947925	0.1	0.039	2.21491945246353e-25	Amil-orphan-15125	Amil
3.40392977109689e-42	1.03600954192415	0.141	0.055	1.47914364273244e-37	Amil-Amillepora03714	Amil
4.88980139030482e-68	1.03563226725881	0.23	0.09	2.12481429614306e-63	Amil-Amillepora16015	Amil
4.42854070455802e-33	1.03535311511273	0.115	0.046	1.92437807775864e-28	Amil-orphan-3241	Amil
7.92302049005221e-58	1.03516653589599	0.171	0.062	3.44286932374729e-53	Amil-Amillepora27324	Amil
3.43689949650955e-69	1.03410142203406	0.237	0.093	1.49347030721326e-64	Amil-Amillepora03325	Amil
6.48588796204436e-107	1.03306944452329	0.272	0.092	2.81837775502676e-102	Amil-Amillepora33554	Amil
4.72476696497807e-40	1.03288891868687	0.11	0.038	2.05310023696157e-35	Amil-Amillepora23213	Amil
5.95686542508786e-84	1.03112870745226	0.177	0.053	2.58849630181768e-79	Amil-Amillepora05046	Amil
3.95795516959938e-53	1.03068707881703	0.185	0.073	1.71988983939771e-48	Amil-Amillepora23436	Amil
9.38380661866834e-92	1.03015848184349	0.313	0.123	4.07763932807614e-87	Amil-Amillepora03005	Amil
4.8741309828825e-61	1.02985718236997	0.2	0.077	2.11800487730176e-56	Amil-Amillepora20276	Amil
1.61169862972776e-76	1.029516939736	0.188	0.061	7.00347522561903e-72	Amil-Amillepora36423	Amil
3.02454972596555e-59	1.02693354768269	0.202	0.08	1.31428783792107e-54	Amil-Amillepora07470	Amil
8.05537830413195e-94	1.02656774383162	0.395	0.178	3.5003840882775e-89	Amil-Amillepora26160	Amil
8.34917239854172e-103	1.0246366659184	0.421	0.189	3.62804937406232e-98	Amil-Amillepora23343	Amil
1.81454742471865e-60	1.02329372884654	0.152	0.05	7.88493437937243e-56	Amil-Amillepora25087	Amil
8.78469500275606e-25	1.02278981182672	0.105	0.046	3.81730136649762e-20	Amil-Amillepora03356	Amil
4.56113717740319e-103	1.02266944246327	0.388	0.162	1.98199654906878e-98	Amil-Amillepora23154	Amil
3.58429279183222e-122	1.0224158402026	0.405	0.156	1.55751858976277e-117	Amil-Amillepora06370	Amil
1.47048431615013e-136	1.02180362399002	0.686	0.393	6.38984254739878e-132	Amil-Amillepora03225	Amil
8.30481607474962e-127	1.02132681306563	0.386	0.143	3.6087747771217e-122	Amil-Amillepora24216	Amil
5.83196289264028e-86	1.02088476264816	0.278	0.107	2.53422115536791e-81	Amil-Amillepora03787	Amil
1.97075356605122e-42	1.02018558092828	0.103	0.034	8.56371254591898e-38	Amil-Amillepora17026	Amil
8.52845544713629e-153	1.01961570790573	0.695	0.357	3.7059550299986e-148	Amil-Amillepora14460	Amil
6.78823461686294e-24	1.01846740084899	0.122	0.058	2.94975947041162e-19	Amil-Amillepora20581	Amil
2.11412858546564e-49	1.01779885515424	0.166	0.064	9.18673435528241e-45	Amil-Amillepora33079	Amil
3.99968921149651e-65	1.01629182211977	0.148	0.046	1.73802494996369e-60	Amil-Amillepora27921	Amil
8.26474847989337e-93	1.01374806029957	0.39	0.177	3.59136380445286e-88	Amil-Amillepora05366	Amil
4.50643936998406e-47	1.01324859941395	0.159	0.062	1.95822816383287e-42	Amil-Amillepora06367	Amil
4.21692255097551e-29	1.0130840930062	0.115	0.049	1.8324215253009e-24	Amil-Amillepora08449	Amil
5.90423665128874e-76	1.01290514192507	0.284	0.118	2.56562699445101e-71	Amil-orphan-9280	Amil
9.03091636286663e-48	1.01165334100976	0.147	0.054	3.92429439632006e-43	Amil-Amillepora21956	Amil
2.0091466773877e-44	1.01081198456569	0.134	0.049	8.73054597192049e-40	Amil-Amillepora00148	Amil
1.66798108377003e-35	1.00018016375964	0.136	0.056	7.24804500141427e-31	Amil-Amillepora10360	Amil
0	10.9626605868388	0.119	0	0	Spis-XP-022807637-1	Spis
0	9.97903157175171	0.118	0	0	Spis-XP-022787873-1	Spis
0	9.08169132778943	0.762	0.003	0	Spis-XP-022803870-1	Spis
0	8.9971737815039	0.202	0.001	0	Spis-XP-022787580-1	Spis
0	8.99422614998178	0.157	0	0	Spis-XP-022798857-1	Spis
0	8.84065518082233	0.24	0	0	Spis-XP-022794537-1	Spis
0	8.79906772071906	0.143	0	0	Spis-XP-022807631-1	Spis
0	8.76972232610811	0.242	0.001	0	Spis-XP-022803070-1	Spis
0	8.72803443905544	0.124	0	0	Spis-XP-022785275-1	Spis
0	8.66916388295588	0.18	0	0	Spis-XP-022794906-1	Spis
2.96439387504748e-323	8.66911843332068	0.113	0	1.47481559677487e-318	Spis-XP-022800083-1	Spis
4.25958696562031e-317	8.64421861119255	0.107	0	2.11918711126576e-312	Spis-XP-022780112-1	Spis
0	8.58420259464929	0.273	0.001	0	Spis-XP-022792672-1	Spis
0	8.49743302219861	0.455	0.002	0	Spis-XP-022783323-1	Spis
0	8.49345305070904	0.191	0.001	0	Spis-orphan-peak-14671	Spis
0	8.43202236997205	0.119	0	0	Spis-XP-022807443-1	Spis
0	8.41454026487555	0.657	0.004	0	Spis-XP-022806382-1	Spis
0	8.39823322326109	0.272	0.001	0	Spis-LOC111321367	Spis
0	8.37863655063638	0.679	0.003	0	Spis-XP-022783415-1	Spis
0	8.3748684025775	0.256	0.004	0	Spis-XP-022796886-1	Spis
0	8.37194291695691	0.258	0.001	0	Spis-XP-022783445-1	Spis
0	8.35495433057757	0.165	0.002	0	Spis-XP-022794122-1	Spis
0	8.35226389705378	0.135	0	0	Spis-XP-022807097-1	Spis
0	8.29800342418127	0.114	0	0	Spis-XP-022779602-1	Spis
0	8.24946069585007	0.126	0.001	0	Spis-XP-022803862-1	Spis
0	8.23653306330522	0.509	0.002	0	Spis-XP-022801136-1	Spis
0	8.22069771005631	0.598	0.006	0	Spis-XP-022799082-1	Spis
0	8.22027125361905	0.31	0.001	0	Spis-XP-022804316-1	Spis
0	8.16109495019383	0.251	0.001	0	Spis-XP-022783073-1	Spis
0	8.09740057323992	0.114	0	0	Spis-XP-022799346-1	Spis
0	8.07211172306949	0.428	0.002	0	Spis-XP-022784982-1	Spis
0	8.01883080299353	0.424	0.003	0	Spis-XP-022807096-1	Spis
0	7.99580177477416	0.199	0.001	0	Spis-XP-022801333-1	Spis
0	7.95132350520519	0.122	0	0	Spis-XP-022783952-1	Spis
0	7.93960786371715	0.273	0.001	0	Spis-Spis8682-1	Spis
0	7.88242449929551	0.137	0.001	0	Spis-XP-022804954-1	Spis
0	7.85104641118815	0.343	0.021	0	Spis-XP-022782036-1	Spis
0	7.7549697582286	0.129	0	0	Spis-XP-022788307-1	Spis
0	7.70404769450328	0.172	0.001	0	Spis-Spis10031-1	Spis
0	7.68695169404989	0.203	0.002	0	Spis-XP-022782000-1	Spis
2.02525153254491e-304	7.61529551360482	0.11	0.001	1.00758288995642e-299	Spis-XP-022799897-1	Spis
0	7.60960206209144	0.186	0.001	0	Spis-XP-022782398-1	Spis
0	7.54329342363249	0.172	0.001	0	Spis-Spis18492-1	Spis
3.76280395872693e-319	7.53136211904935	0.134	0.002	1.87203259750624e-314	Spis-XP-022796982-1	Spis
0	7.52712895523751	0.165	0.001	0	Spis-XP-022803833-1	Spis
1.38338380835549e-322	7.5102270468981	0.111	0	6.8824727849494e-318	Spis-XP-022805547-1	Spis
0	7.41331364726493	0.464	0.003	0	Spis-XP-022788808-1	Spis
0	7.40878257433172	0.2	0.001	0	Spis-XP-022799917-1	Spis
0	7.39455867282386	0.315	0.002	0	Spis-XP-022781165-1	Spis
0	7.3713435376751	0.145	0.001	0	Spis-orphan-peak-13707	Spis
0	7.34953116763759	0.447	0.005	0	Spis-orphan-peak-12678	Spis
0	7.33620423094833	0.149	0.001	0	Spis-XP-022803821-1	Spis
0	7.31494030794003	0.758	0.034	0	Spis-XP-022796494-1	Spis
0	7.28306086981826	0.477	0.003	0	Spis-orphan-peak-3340	Spis
0	7.24351762886704	0.191	0.001	0	Spis-XP-022785469-1	Spis
0	7.18142814614334	0.215	0.001	0	Spis-XP-022803660-1	Spis
0	7.16931044251541	0.156	0.001	0	Spis-orphan-peak-6216	Spis
0	7.15522747399786	0.604	0.017	0	Spis-orphan-peak-14667	Spis
0	7.10868018645945	0.31	0.002	0	Spis-Spis10030-1	Spis
0	7.08713471455879	0.358	0.002	0	Spis-XP-022784146-1	Spis
0	7.07471850011942	0.151	0.001	0	Spis-XP-022805546-1	Spis
0	7.03837884294721	0.393	0.003	0	Spis-LOC111327222	Spis
1.4763972940309e-192	6.99990026054942	0.137	0.006	7.34522417753315e-188	Spis-XP-022777447-1	Spis
0	6.92602802442703	0.253	0.002	0	Spis-XP-022783199-1	Spis
0	6.79493566934665	0.529	0.006	0	Spis-XP-022807628-1	Spis
0	6.79163660464956	0.129	0.001	0	Spis-XP-022806021-1	Spis
0	6.77230761793183	0.148	0.001	0	Spis-XP-022786857-1	Spis
0	6.72141942841204	0.129	0.001	0	Spis-XP-022784100-1	Spis
0	6.71974056774337	0.442	0.005	0	Spis-XP-022794431-1	Spis
0	6.70415935342795	0.423	0.006	0	Spis-XP-022789665-1	Spis
5.43472210425371e-322	6.66407340492717	0.137	0.002	2.70382859408726e-317	Spis-XP-022801442-1	Spis
0	6.66267528296379	0.248	0.005	0	Spis-XP-022803869-1	Spis
0	6.63705005343479	0.148	0.002	0	Spis-LOC111333567	Spis
2.52837884469573e-288	6.63049138594206	0.11	0.001	1.25789375902457e-283	Spis-LOC111344848	Spis
0	6.59523479064659	0.17	0.002	0	Spis-orphan-peak-20848	Spis
0	6.59380627347111	0.224	0.008	0	Spis-LOC111344833	Spis
0	6.58028633099093	0.561	0.007	0	Spis-orphan-peak-12733	Spis
0	6.31633642137754	0.452	0.005	0	Spis-XP-022787092-1	Spis
0	6.30710379346391	0.289	0.006	0	Spis-XP-022787678-1	Spis
0	6.30240156147313	0.556	0.009	0	Spis-XP-022799060-1	Spis
0	6.23838679408877	0.512	0.01	0	Spis-XP-022797906-1	Spis
0	6.23294448619524	0.299	0.003	0	Spis-XP-022780928-1	Spis
0	5.95821082095843	0.243	0.004	0	Spis-LOC111341000	Spis
0	5.94717638216478	0.253	0.004	0	Spis-XP-022794883-1	Spis
0	5.93788943503599	0.176	0.003	0	Spis-XP-022783642-1	Spis
6.00437065731667e-226	5.89417722124515	0.114	0.003	2.98723444572162e-221	Spis-LOC111333716	Spis
0	5.81512980358379	0.452	0.012	0	Spis-LOC111326826	Spis
0	5.80928668056661	0.294	0.004	0	Spis-XP-022800460-1	Spis
0	5.78865378172615	0.34	0.004	0	Spis-XP-022798909-1	Spis
5.61320591153428e-226	5.74442363199096	0.113	0.003	2.79262607304742e-221	Spis-XP-022792119-1	Spis
2.30597551646253e-216	5.58782265177881	0.122	0.004	1.14724587919527e-211	Spis-orphan-peak-6940	Spis
0	5.46717095859162	0.154	0.003	0	Spis-XP-022781571-1	Spis
0	5.37720387525651	0.262	0.007	0	Spis-XP-022791118-1	Spis
0	5.35808149384529	0.175	0.004	0	Spis-XP-022804686-1	Spis
2.99506242854147e-248	5.3562077246712	0.119	0.002	1.49007350882367e-243	Spis-orphan-peak-4204	Spis
2.24181044274672e-219	5.2969171038489	0.102	0.002	1.11532311337092e-214	Spis-LOC111336961	Spis
3.27700950841389e-279	5.27976586581549	0.151	0.004	1.63034500053099e-274	Spis-LOC111333153	Spis
2.63722064623604e-296	5.1748737623634	0.156	0.004	1.31204364370889e-291	Spis-orphan-peak-17133	Spis
0	5.17365020799329	0.275	0.005	0	Spis-XP-022786554-1	Spis
0	5.01898904001211	0.351	0.007	0	Spis-XP-022779168-1	Spis
0	4.96535230702641	0.224	0.009	0	Spis-XP-022807027-1	Spis
9.17519074983095e-222	4.92166908574094	0.108	0.002	4.5647491499484e-217	Spis-XP-022781301-1	Spis
5.79368969515511e-245	4.80093814875311	0.137	0.004	2.88241856023662e-240	Spis-XP-022804516-1	Spis
2.2611085557635e-264	4.76511079499163	0.191	0.009	1.1249241175779e-259	Spis-XP-022804087-1	Spis
0	4.76430035929212	0.291	0.008	0	Spis-XP-022779802-1	Spis
3.70472371977431e-268	4.71028342781091	0.172	0.007	1.84313709782492e-263	Spis-XP-022791772-1	Spis
6.07692042420709e-290	4.61722257204257	0.205	0.01	3.02332868024727e-285	Spis-XP-022801124-1	Spis
1.35628733569629e-303	4.61679765416013	0.17	0.005	6.74766512382263e-299	Spis-XP-022808090-1	Spis
2.05497884850204e-210	4.57322404391887	0.175	0.011	1.02237252691825e-205	Spis-XP-022804684-1	Spis
8.30851653657412e-234	4.54740461040809	0.141	0.005	4.13357006211099e-229	Spis-XP-022796983-1	Spis
0	4.53004850802417	0.335	0.018	0	Spis-XP-022800807-1	Spis
0	4.51400075572231	0.488	0.033	0	Spis-XP-022783223-1	Spis
5.02853583342992e-209	4.47496569523889	0.151	0.007	2.50174686248972e-204	Spis-XP-022789952-1	Spis
1.11680091623267e-267	4.45466431076976	0.127	0.002	5.55619623834916e-263	Spis-XP-022800534-1	Spis
0	4.45439225694888	0.31	0.008	0	Spis-XP-022786749-1	Spis
5.78496158379633e-188	4.42112104096215	0.126	0.005	2.87807623755451e-183	Spis-orphan-peak-11849	Spis
1.70345245635185e-270	4.36377660755891	0.199	0.01	8.47484631559611e-266	Spis-XP-022798726-1	Spis
2.21749350534605e-218	4.33683553441391	0.114	0.003	1.10322519384471e-213	Spis-XP-022787949-1	Spis
0	4.29895472839077	0.324	0.025	0	Spis-XP-022806020-1	Spis
0	4.26514038083473	0.415	0.021	0	Spis-XP-022787133-1	Spis
3.29305352207239e-201	4.15175052021371	0.149	0.007	1.63832705776624e-196	Spis-LOC111330752	Spis
5.09978440263259e-226	4.14226341684616	0.135	0.005	2.53719373815374e-221	Spis-XP-022784032-1	Spis
3.44875051176286e-158	4.12575300212718	0.145	0.01	1.71578786710714e-153	Spis-orphan-peak-4640	Spis
0	4.07472241663628	0.418	0.021	0	Spis-XP-022791446-1	Spis
7.23184098986983e-260	4.04181058832018	0.199	0.01	3.59791321087014e-255	Spis-XP-022784040-1	Spis
2.21230646724364e-115	4.03761788350324	0.116	0.009	1.10064459051838e-110	Spis-XP-022790413-1	Spis
5.67953759414804e-261	3.9990387708228	0.266	0.021	2.82562674846459e-256	Spis-XP-022783340-1	Spis
4.98859165644096e-211	3.94645388030916	0.218	0.018	2.48187423499594e-206	Spis-XP-022802669-1	Spis
1.35725661046753e-238	3.93482107384783	0.18	0.009	6.75248736273702e-234	Spis-XP-022782116-1	Spis
1.7961979659246e-128	3.91569890863522	0.107	0.006	8.93626450027146e-124	Spis-LOC111335659	Spis
0	3.90186637091048	0.485	0.046	0	Spis-XP-022788233-1	Spis
2.30361658206991e-229	3.85935035723526	0.156	0.007	1.1460722857456e-224	Spis-XP-022779813-1	Spis
0	3.85110739473266	0.374	0.031	0	Spis-XP-022805385-1	Spis
1.34098187665544e-237	3.77603467480939	0.246	0.02	6.67151893454846e-233	Spis-XP-022780524-1	Spis
4.06680907435025e-193	3.75841916541919	0.13	0.006	2.02327818257999e-188	Spis-XP-022798114-1	Spis
6.40577783558748e-270	3.74956310052401	0.226	0.014	3.18693853098313e-265	Spis-LOC111341683	Spis
3.22561723728019e-162	3.70862391955299	0.173	0.014	1.60477683171927e-157	Spis-XP-022794878-1	Spis
0	3.69960457903853	0.531	0.076	0	Spis-XP-022783501-1	Spis
2.29950802156707e-237	3.66347998203713	0.293	0.03	1.14402823580983e-232	Spis-XP-022779880-1	Spis
6.50228538663959e-84	3.65840972532393	0.219	0.046	3.23495200270706e-79	Spis-XP-022786110-1	Spis
4.46230588667009e-76	3.63687946267591	0.1	0.011	2.22004180167724e-71	Spis-XP-022781621-1	Spis
1.60248766603397e-268	3.59461654867579	0.25	0.017	7.97253638728559e-264	Spis-Spis7736-1	Spis
1.81071086996005e-262	3.58561767994996	0.281	0.024	9.00846764913823e-258	Spis-XP-022807665-1	Spis
1.43021189595644e-131	3.54004271730788	0.108	0.006	7.11544720357291e-127	Spis-orphan-peak-15861	Spis
9.60505742208433e-188	3.50737155078635	0.175	0.012	4.77861211806118e-183	Spis-XP-022786888-1	Spis
4.99872023211212e-126	3.49009091838557	0.13	0.01	2.4869133026781e-121	Spis-XP-022789892-1	Spis
1.63222649449521e-202	3.44424450466508	0.273	0.031	8.1204900327631e-198	Spis-XP-022786020-1	Spis
0	3.390470693036	0.418	0.042	0	Spis-XP-022780954-1	Spis
2.64647217835861e-117	3.36907267155769	0.122	0.01	1.31664637345519e-112	Spis-XP-022779695-1	Spis
4.40832864804743e-278	3.24223268521068	0.431	0.058	2.19318758569008e-273	Spis-XP-022804160-1	Spis
3.43396567262024e-76	3.21413155407835	0.1	0.011	1.70843226178529e-71	Spis-XP-022808967-1	Spis
4.04650897281639e-82	3.18667042583613	0.111	0.012	2.01317867906588e-77	Spis-XP-022790986-1	Spis
0	3.17250927512409	0.45	0.047	0	Spis-XP-022792926-1	Spis
9.24145993313023e-177	3.16195686700936	0.28	0.037	4.59771873133162e-172	Spis-XP-022806014-1	Spis
9.27979365915626e-107	3.15836161953798	0.122	0.011	4.61679014336683e-102	Spis-XP-022790447-1	Spis
1.3221459714558e-90	3.15832853140578	0.122	0.013	6.57780842258973e-86	Spis-XP-022807848-1	Spis
1.94024942053637e-171	3.10020189853379	0.221	0.023	9.6529348921105e-167	Spis-XP-022788596-1	Spis
5.96907720249227e-126	3.09136112046641	0.151	0.014	2.96967559901193e-121	Spis-XP-022789413-1	Spis
2.74775913662876e-75	3.0773688521521	0.129	0.018	1.36703764806418e-70	Spis-orphan-peak-1049	Spis
9.2049743909156e-78	3.04116219945459	0.146	0.022	4.57956680922442e-73	Spis-XP-022806843-1	Spis
2.55781335685151e-126	3.00476460182975	0.199	0.026	1.2725377231672e-121	Spis-XP-022802380-1	Spis
6.05063511236238e-105	2.97273264190748	0.161	0.02	3.01025147475141e-100	Spis-XP-022797642-1	Spis
5.24284144269776e-143	2.95988687315457	0.215	0.026	2.60836604615656e-138	Spis-XP-022801462-1	Spis
9.5419111492631e-72	2.95167718400235	0.107	0.013	4.74719621586989e-67	Spis-XP-022789417-1	Spis
5.84499429746302e-74	2.92607687975199	0.129	0.018	2.90794311293082e-69	Spis-XP-022788766-1	Spis
2.29407135958089e-107	2.92493245266485	0.245	0.046	1.14132344210509e-102	Spis-XP-022797836-1	Spis
1.48886601762914e-58	2.91567098994624	0.105	0.015	7.40725732430672e-54	Spis-XP-022793569-1	Spis
1.53395802042394e-172	2.84640753955295	0.261	0.032	7.63159454741116e-168	Spis-LOC111323751	Spis
1.51759286579212e-131	2.84459092556491	0.251	0.04	7.55017626660236e-127	Spis-XP-022789440-1	Spis
1.82004354399229e-124	2.84188160109216	0.288	0.055	9.05489863571603e-120	Spis-XP-022779058-1	Spis
1.35997317296416e-163	2.8171809595023	0.283	0.04	6.76600253281401e-159	Spis-orphan-peak-4753	Spis
3.78816113045217e-45	2.81293198416846	0.134	0.03	1.88464804401126e-40	Spis-XP-022795595-1	Spis
2.97468360220246e-110	2.80735202019806	0.191	0.027	1.47993483893174e-105	Spis-XP-022803369-1	Spis
9.43916658784262e-57	2.7970856581185	0.121	0.021	4.69607976911758e-52	Spis-XP-022783485-1	Spis
2.49256290990806e-69	2.79129824643929	0.138	0.022	1.24007497330836e-64	Spis-XP-022787111-1	Spis
7.15623263660688e-72	2.78404017111795	0.113	0.014	3.56029729903829e-67	Spis-XP-022804580-1	Spis
2.1935430519734e-76	2.77241310591241	0.162	0.028	1.09130960378728e-71	Spis-XP-022797937-1	Spis
6.51462402562959e-131	2.76535975034513	0.273	0.047	3.24109059899098e-126	Spis-XP-022789870-1	Spis
8.39360953832928e-73	2.76222278112333	0.205	0.045	4.1759046814142e-68	Spis-XP-022786601-1	Spis
1.01716726771827e-78	2.74380705049599	0.119	0.015	5.06050887362518e-74	Spis-XP-022801094-1	Spis
1.41746545495261e-142	2.73687553497906	0.127	0.008	7.05203238493473e-138	Spis-XP-022789847-1	Spis
5.03593769120911e-229	2.71600051329142	0.351	0.043	2.50542936075345e-224	Spis-XP-022789375-1	Spis
8.27549136115554e-164	2.70905657960399	0.297	0.044	4.11713970708849e-159	Spis-XP-022795566-1	Spis
2.55422945656955e-55	2.70797191399922	0.103	0.016	1.27075469693792e-50	Spis-XP-022803659-1	Spis
6.43103064626804e-130	2.70714929729295	0.164	0.016	3.19950205682481e-125	Spis-XP-022805650-1	Spis
6.10617250944851e-193	2.68716885647242	0.684	0.223	3.03788188517573e-188	Spis-XP-022793831-1	Spis
5.77479521664398e-114	2.68554160130454	0.34	0.081	2.87301836823254e-109	Spis-XP-022784236-1	Spis
6.92139294364235e-56	2.65710186569143	0.124	0.022	3.44346220339151e-51	Spis-XP-022797456-1	Spis
1.57329793631231e-116	2.62066933821767	0.323	0.072	7.82731456294738e-112	Spis-XP-022780352-1	Spis
3.99172901339289e-58	2.60868871139154	0.146	0.029	1.9859251014531e-53	Spis-orphan-peak-18824	Spis
8.92563167141703e-296	2.60193863107383	0.601	0.107	4.44059101284669e-291	Spis-XP-022793177-1	Spis
1.29888405884509e-70	2.59452786660274	0.176	0.035	6.46207808116019e-66	Spis-XP-022793610-1	Spis
2.35653746914326e-65	2.5757106738246	0.126	0.019	1.17240095627346e-60	Spis-XP-022799583-1	Spis
2.19518947085516e-97	2.55802491081929	0.215	0.038	1.09212871364515e-92	Spis-XP-022802445-1	Spis
4.06273982677398e-73	2.54214155934779	0.2	0.043	2.02125369121832e-68	Spis-XP-022797122-1	Spis
1.51084395823186e-69	2.5206925953805	0.154	0.027	7.51659977659935e-65	Spis-LOC111334139	Spis
5.19913998008005e-121	2.48506247434469	0.211	0.029	2.58662413148963e-116	Spis-XP-022807142-1	Spis
1.65297909853779e-85	2.4602403292336	0.167	0.026	8.22373631313537e-81	Spis-XP-022782912-1	Spis
1.37294972240262e-135	2.45808408386999	0.367	0.079	6.83056216392527e-131	Spis-orphan-peak-923	Spis
9.78818164709352e-143	2.45728046202511	0.421	0.101	4.8697182512455e-138	Spis-XP-022800056-1	Spis
1.09786538416854e-100	2.4417542171178	0.245	0.047	5.46199007277689e-96	Spis-XP-022795288-1	Spis
2.83494182113843e-64	2.42772537984214	0.194	0.045	1.41041190543458e-59	Spis-XP-022779310-1	Spis
3.9218156646005e-114	2.40094284144396	0.172	0.021	1.9511425112954e-109	Spis-XP-022790212-1	Spis
9.11338645755986e-38	2.37560112712549	0.103	0.022	4.53400089650061e-33	Spis-XP-022807847-1	Spis
4.74522362669386e-67	2.35264904573509	0.188	0.04	2.36079620651646e-62	Spis-XP-022782385-1	Spis
3.9824628347167e-44	2.34898825812901	0.149	0.037	1.9813150848999e-39	Spis-XP-022802289-1	Spis
1.37987356708256e-42	2.33820772186389	0.14	0.034	6.86500898359246e-38	Spis-XP-022779730-1	Spis
1.47313960018849e-144	2.33577063376862	0.211	0.025	7.32901682489773e-140	Spis-XP-022797885-1	Spis
1.11688704447217e-25	2.32179273662952	0.103	0.029	5.55662473495347e-21	Spis-XP-022804062-1	Spis
3.65443240540267e-56	2.31696511677051	0.157	0.034	1.81811666601188e-51	Spis-XP-022797510-1	Spis
5.52316669463502e-85	2.31619863679258	0.262	0.061	2.74783066224787e-80	Spis-XP-022781123-1	Spis
2.57826862388538e-32	2.29883648080766	0.126	0.034	1.28271442306921e-27	Spis-XP-022795289-1	Spis
1.04007110723144e-34	2.28509681105237	0.103	0.023	5.17445776558712e-30	Spis-XP-022795898-1	Spis
1.32714638045219e-111	2.27239629106737	0.218	0.034	6.60268595738768e-107	Spis-XP-022783327-1	Spis
7.98925736658502e-33	2.27168710043219	0.121	0.032	3.97473543244971e-28	Spis-XP-022780168-1	Spis
5.20880559954934e-42	2.25348551595783	0.113	0.023	2.59143287383179e-37	Spis-XP-022793861-1	Spis
3.76779657294386e-50	2.25203594120174	0.134	0.027	1.8745164730053e-45	Spis-XP-022802438-1	Spis
1.29764681505755e-33	2.24377737058009	0.103	0.024	6.45592266959281e-29	Spis-XP-022787550-1	Spis
3.64412874425061e-98	2.24355575346385	0.162	0.021	1.81299049155212e-93	Spis-XP-022793206-1	Spis
2.64866082990658e-88	2.23605591338543	0.261	0.058	1.31773524948682e-83	Spis-XP-022810230-1	Spis
4.12692031215861e-32	2.23248437375247	0.103	0.024	2.05318412450203e-27	Spis-XP-022784630-1	Spis
7.00885469103597e-64	2.21277970789526	0.154	0.029	3.4869752973373e-59	Spis-XP-022788909-1	Spis
1.18357529979727e-70	2.18203544673585	0.2	0.043	5.8884054740214e-66	Spis-XP-022796177-1	Spis
3.11364273903988e-38	2.18090271856456	0.11	0.024	1.54906839909973e-33	Spis-orphan-peak-3841	Spis
1.83626813116531e-93	2.15688352185602	0.258	0.055	9.13561757936055e-89	Spis-Spis25830-1	Spis
2.56754415327638e-88	2.14600602935009	0.145	0.019	1.27737889169653e-83	Spis-XP-022788615-1	Spis
6.51417625952932e-110	2.12765956423149	0.256	0.046	3.24086783087843e-105	Spis-XP-022805298-1	Spis
2.44052259851102e-117	2.12572857059701	0.394	0.1	1.21418439798522e-112	Spis-XP-022807817-1	Spis
9.56013864238556e-53	2.09884306596748	0.18	0.044	4.75626457597324e-48	Spis-XP-022800015-1	Spis
1.15963337601995e-21	2.08936919179012	0.11	0.036	5.76929200903688e-17	Spis-XP-022780307-1	Spis
2.44788215108587e-110	2.05275419591244	0.299	0.062	1.21784584898673e-105	Spis-XP-022803370-1	Spis
7.5348173890254e-66	2.04031241762896	0.207	0.048	3.74864699921403e-61	Spis-orphan-peak-13842	Spis
8.94072080546512e-34	2.03561994394785	0.111	0.027	4.44809800792695e-29	Spis-XP-022798902-1	Spis
1.0314796349431e-41	2.03009279590658	0.184	0.055	5.13171433180543e-37	Spis-XP-022777516-1	Spis
1.79449686814656e-40	2.02023731850395	0.122	0.027	8.92780136871594e-36	Spis-XP-022806022-1	Spis
7.16733508280996e-50	2.00200217454364	0.234	0.073	3.56582087704878e-45	Spis-XP-022780004-1	Spis
6.16850700475424e-75	1.99432167647718	0.146	0.022	3.06889391993528e-70	Spis-XP-022785567-1	Spis
2.4555430919146e-71	1.98915367735114	0.256	0.066	1.22165724365843e-66	Spis-XP-022789785-1	Spis
3.58051934778989e-82	1.97142251887556	0.297	0.077	1.78134418071895e-77	Spis-XP-022778944-1	Spis
2.89960859887713e-36	1.96631564523469	0.107	0.024	1.44258427402736e-31	Spis-XP-022791530-1	Spis
1.16646688306942e-70	1.95921250418862	0.175	0.033	5.80328938995866e-66	Spis-XP-022798140-1	Spis
1.19277590135216e-184	1.94860712086159	0.405	0.07	5.93417938681711e-180	Spis-XP-022803859-1	Spis
3.07279370755521e-46	1.94094407377184	0.205	0.061	1.52874559744579e-41	Spis-XP-022783880-1	Spis
8.71417429092609e-57	1.9382778745905	0.219	0.059	4.33538885147864e-52	Spis-XP-022805683-1	Spis
1.50415606007606e-49	1.93672354531263	0.148	0.033	7.48332681448441e-45	Spis-XP-022794903-1	Spis
2.43970258514891e-47	1.93006838736566	0.188	0.052	1.21377643313744e-42	Spis-XP-022779020-1	Spis
1.35852081887486e-28	1.92264080634999	0.148	0.048	6.75877692598431e-24	Spis-XP-022799194-1	Spis
4.32026602872206e-44	1.9105722949586	0.102	0.018	2.14937555194951e-39	Spis-XP-022790792-1	Spis
1.00516304795262e-25	1.90355653994222	0.113	0.033	5.00078667986909e-21	Spis-XP-022809767-1	Spis
1.31320450594473e-19	1.88871003980248	0.103	0.034	6.53332373752563e-15	Spis-XP-022790441-1	Spis
2.66393983530843e-27	1.87951449586995	0.114	0.033	1.3253367074643e-22	Spis-XP-022778272-1	Spis
4.95163630748646e-55	1.86392196273333	0.124	0.022	2.46348857933759e-50	Spis-XP-022784139-1	Spis
6.69276768488593e-45	1.84403611489475	0.24	0.081	3.3297188509076e-40	Spis-XP-022789246-1	Spis
2.38471016670029e-83	1.84104452191641	0.386	0.124	1.18641715503506e-78	Spis-XP-022789096-1	Spis
5.93337874409288e-83	1.83635896272762	0.377	0.119	2.95191525897365e-78	Spis-XP-022779130-1	Spis
9.08887600741699e-29	1.83240790740392	0.108	0.028	4.52180670245003e-24	Spis-XP-022785597-1	Spis
4.14972985161758e-145	1.83084937023178	0.507	0.128	2.06453209847826e-140	Spis-XP-022806326-1	Spis
1.08882162726008e-23	1.82224652739915	0.114	0.036	5.41699647778163e-19	Spis-XP-022796196-1	Spis
3.10073065398953e-33	1.81392509229169	0.119	0.03	1.54264450766633e-28	Spis-XP-022790810-1	Spis
2.32396699842907e-50	1.81251284822894	0.107	0.018	1.15619682138844e-45	Spis-orphan-peak-4398	Spis
3.53579374787324e-29	1.80246636993628	0.102	0.025	1.75909274750442e-24	Spis-XP-022802102-1	Spis
4.17537851162861e-61	1.79809827508625	0.25	0.07	2.07729256332035e-56	Spis-XP-022789186-1	Spis
2.61199190295827e-33	1.79470578046697	0.165	0.052	1.29949209164077e-28	Spis-XP-022805917-1	Spis
3.28311869055138e-57	1.7919607031138	0.157	0.033	1.63338437973622e-52	Spis-XP-022806921-1	Spis
4.12755994521252e-34	1.79006387756774	0.172	0.055	2.05350234834268e-29	Spis-XP-022800025-1	Spis
9.02915648910627e-32	1.78766788309305	0.124	0.033	4.49209564489526e-27	Spis-orphan-peak-968	Spis
4.44051711478863e-34	1.78540417173801	0.1	0.022	2.20920166977849e-29	Spis-XP-022781782-1	Spis
2.08447266420237e-28	1.78452912107795	0.108	0.029	1.03704599516732e-23	Spis-LOC111335950	Spis
3.83341603205519e-34	1.75805828638219	0.116	0.028	1.90716281010778e-29	Spis-XP-022781102-1	Spis
1.03860645432923e-110	1.75237594896985	0.477	0.148	5.16717097093334e-106	Spis-XP-022803680-1	Spis
1.47246430226637e-41	1.73151003799463	0.186	0.055	7.32565715020544e-37	Spis-XP-022787810-1	Spis
6.13418742993741e-34	1.72752384259381	0.186	0.063	3.05181958826816e-29	Spis-XP-022793614-1	Spis
1.30909075152738e-12	1.71417883694103	0.121	0.055	6.51285739792386e-08	Spis-XP-022806737-1	Spis
9.78092140375779e-131	1.71176663770029	0.585	0.182	4.86610620758354e-126	Spis-XP-022785063-1	Spis
1.58528003804448e-38	1.70867542021309	0.18	0.054	7.8869267172751e-34	Spis-XP-022798948-1	Spis
4.02756172177034e-68	1.69592458158013	0.203	0.044	2.00375223219796e-63	Spis-orphan-peak-722	Spis
9.7916008184801e-16	1.68334467347577	0.103	0.039	4.87141932320203e-11	Spis-XP-022790814-1	Spis
7.23435658367898e-27	1.67304528257987	0.148	0.05	3.59916474394613e-22	Spis-XP-022799910-1	Spis
1.02684803821157e-29	1.65042657193564	0.13	0.038	5.10867167490637e-25	Spis-XP-022786703-1	Spis
1.68455198741055e-21	1.64829773059949	0.107	0.034	8.38081459256625e-17	Spis-XP-022806731-1	Spis
1.52583995302507e-46	1.64710985924231	0.288	0.106	7.59120635029504e-42	Spis-XP-022794150-1	Spis
3.17985551644963e-64	1.64000622542806	0.256	0.07	1.58200991798885e-59	Spis-XP-022801426-1	Spis
6.88886178575614e-27	1.63513819591165	0.154	0.053	3.42727762703154e-22	Spis-XP-022801638-1	Spis
2.0822008653667e-27	1.63288732071136	0.159	0.055	1.03591575252859e-22	Spis-XP-022794311-1	Spis
6.81163488052572e-51	1.62955022655722	0.151	0.033	3.38885646941035e-46	Spis-XP-022791309-1	Spis
7.99344885768693e-63	1.62702351365083	0.455	0.195	3.97682074118783e-58	Spis-XP-022781592-1	Spis
3.12307829079262e-40	1.62168861501559	0.196	0.061	1.55376268045224e-35	Spis-LOC111343797	Spis
2.38337554818814e-19	1.60954852891928	0.126	0.046	1.18575316897908e-14	Spis-XP-022794576-1	Spis
3.13921853007141e-64	1.60875669403785	0.364	0.126	1.56179261089583e-59	Spis-XP-022793665-1	Spis
1.75329233930887e-46	1.60746576410424	0.261	0.09	8.72280471729555e-42	Spis-XP-022791228-1	Spis
3.09786334581849e-37	1.60420923677565	0.161	0.046	1.54121799317816e-32	Spis-XP-022780703-1	Spis
9.36835701352482e-33	1.59808663643956	0.164	0.052	4.66085129779873e-28	Spis-XP-022782535-1	Spis
2.77380421559144e-61	1.59719688419304	0.135	0.023	1.3799953352989e-56	Spis-XP-022789399-1	Spis
4.11915891086716e-40	1.59676758863417	0.211	0.07	2.04932274974552e-35	Spis-XP-022783470-1	Spis
2.75435677879412e-22	1.58877473664064	0.119	0.04	1.37032004101786e-17	Spis-XP-022806495-1	Spis
9.73326362427386e-83	1.58465535985618	0.305	0.078	4.84239598571249e-78	Spis-XP-022800693-1	Spis
9.46323044604037e-20	1.58157081065843	0.1	0.032	4.70805177920954e-15	Spis-XP-022805223-1	Spis
3.75590281381587e-39	1.58105182941251	0.248	0.091	1.86859920890153e-34	Spis-XP-022792787-1	Spis
6.51729490084484e-56	1.57961967239756	0.253	0.075	3.24241938611932e-51	Spis-XP-022782907-1	Spis
7.17758896749298e-28	1.5638701796475	0.14	0.044	3.57092228721743e-23	Spis-XP-022782436-1	Spis
2.3252212773722e-18	1.56154337245047	0.13	0.051	1.15682083770544e-13	Spis-XP-022781380-1	Spis
1.14462118905928e-82	1.55896509726824	0.529	0.222	5.69460487768883e-78	Spis-XP-022798574-1	Spis
2.36165573458856e-23	1.55040157224178	0.119	0.038	1.17494734451516e-18	Spis-XP-022781136-1	Spis
3.26585754528695e-29	1.54657243296902	0.148	0.047	1.62479678735571e-24	Spis-XP-022790770-1	Spis
6.14455866460822e-42	1.54589586721804	0.213	0.068	3.05697938122924e-37	Spis-XP-022803987-1	Spis
1.11207155540086e-35	1.54360223623287	0.366	0.174	5.53266719527482e-31	Spis-XP-022790445-1	Spis
1.32336597495135e-10	1.54309129427067	0.143	0.075	6.58387806198045e-06	Spis-XP-022802583-1	Spis
5.40134154198126e-22	1.54035389776979	0.105	0.032	2.6872214305511e-17	Spis-XP-022794857-1	Spis
2.21330771350655e-26	1.52263567869588	0.159	0.056	1.10114272054664e-21	Spis-XP-022790482-1	Spis
6.00877433352605e-22	1.51902685689543	0.103	0.031	2.98942531867255e-17	Spis-XP-022788249-1	Spis
4.53940911788007e-29	1.51203364996493	0.151	0.049	2.25840143023651e-24	Spis-orphan-peak-4715	Spis
2.69515780714406e-28	1.51197434402824	0.146	0.047	1.34086796063224e-23	Spis-XP-022797201-1	Spis
1.22220886073214e-18	1.51184097187615	0.105	0.036	6.08061130302847e-14	Spis-XP-022808056-1	Spis
1.21730864349293e-34	1.50403307207556	0.256	0.102	6.05623223224168e-30	Spis-XP-022802313-1	Spis
4.35522924597866e-19	1.49967726854526	0.138	0.054	2.16677010216684e-14	Spis-XP-022790333-1	Spis
4.57226125425864e-17	1.48772273160542	0.107	0.038	2.27474569660622e-12	Spis-XP-022792405-1	Spis
2.2915161333242e-27	1.48715031370891	0.232	0.1	1.14005219149012e-22	Spis-XP-022798832-1	Spis
6.77586506747652e-34	1.48196901227555	0.134	0.035	3.37106062972024e-29	Spis-XP-022792869-1	Spis
1.6650208651218e-15	1.46595057057914	0.118	0.047	8.28364530606749e-11	Spis-XP-022803976-1	Spis
7.79640603342654e-18	1.46022596384953	0.122	0.046	3.87878996569004e-13	Spis-Spis21451-1	Spis
2.57041004324455e-166	1.4484118983283	0.989	0.944	1.2788047006146e-161	Spis-orphan-peak-20616	Spis
4.42909271127247e-31	1.44763414188748	0.28	0.127	2.20351791478516e-26	Spis-XP-022807554-1	Spis
2.1882079658416e-161	1.44661731803081	0.997	0.949	1.08865534508585e-156	Spis-orphan-peak-9058	Spis
3.18744085088334e-22	1.44458291222756	0.183	0.077	1.58578369772297e-17	Spis-XP-022791892-1	Spis
7.09459222051159e-15	1.44287171927311	0.1	0.038	3.52963057562672e-10	Spis-XP-022796827-1	Spis
1.59095623613434e-26	1.43979015570004	0.159	0.056	7.91516637039197e-22	Spis-XP-022778618-1	Spis
1.4987956264178e-18	1.43956618648115	0.138	0.055	7.4566581209912e-14	Spis-XP-022781854-1	Spis
9.92642211244522e-27	1.43716398150415	0.141	0.046	4.93849426516262e-22	Spis-XP-022794244-1	Spis
6.18648839260882e-14	1.43468394304835	0.121	0.052	3.07783984020681e-09	Spis-orphan-peak-12931	Spis
1.20110621802837e-20	1.42950509524614	0.119	0.041	5.97562354531293e-16	Spis-XP-022796159-1	Spis
1.38634379456296e-28	1.42055698399372	0.173	0.061	6.89719901233018e-24	Spis-XP-022795196-1	Spis
2.58904405139134e-68	1.40557751754034	0.539	0.243	1.2880753060077e-63	Spis-XP-022797372-1	Spis
6.76554657201655e-41	1.4051590539556	0.229	0.077	3.36592707504395e-36	Spis-XP-022792123-1	Spis
3.40923321322232e-37	1.39573293786398	0.197	0.064	1.69612761591024e-32	Spis-XP-022789813-1	Spis
7.0249999993697e-24	1.39571915805851	0.213	0.092	3.49500774968642e-19	Spis-XP-022780562-1	Spis
1.44122663999658e-19	1.39381518228836	0.119	0.042	7.17024665664699e-15	Spis-XP-022792755-1	Spis
1.9124582648798e-24	1.37959354665008	0.149	0.053	9.51467111360351e-20	Spis-XP-022779823-1	Spis
2.77744236937097e-80	1.37919191628877	0.682	0.35	1.38180535318575e-75	Spis-XP-022780905-1	Spis
4.62067059479373e-20	1.37901632603548	0.135	0.051	2.29882982761583e-15	Spis-XP-022781624-1	Spis
4.05796059509868e-36	1.37424141704264	0.203	0.068	2.01887597566755e-31	Spis-XP-022795712-1	Spis
3.21845664909403e-16	1.36513475962665	0.129	0.053	1.60121436749077e-11	Spis-XP-022786834-1	Spis
2.5997907767834e-38	1.36097048978588	0.231	0.081	1.29342190935751e-33	Spis-XP-022783798-1	Spis
6.86519405225576e-44	1.35815735556259	0.372	0.165	3.41550269293776e-39	Spis-LOC111321900	Spis
7.46526086733124e-31	1.3580060247865	0.224	0.088	3.71404193410596e-26	Spis-XP-022808166-1	Spis
1.78772380120246e-22	1.3579358246878	0.127	0.043	8.89410468336238e-18	Spis-XP-022785626-1	Spis
6.65947115676185e-15	1.34887932260054	0.114	0.046	3.31315349520059e-10	Spis-XP-022797368-1	Spis
2.529677881641e-211	1.34705004958122	1	1	1.25854004289521e-206	Spis-orphan-peak-10292	Spis
1.48928201623224e-21	1.3452961084716	0.126	0.043	7.409326958957e-17	Spis-XP-022796643-1	Spis
8.83272472659742e-40	1.3404841780674	0.227	0.077	4.39436887872948e-35	Spis-XP-022784808-1	Spis
4.07602974628664e-156	1.33101490824648	0.99	0.967	2.02786555907506e-151	Spis-orphan-peak-19651	Spis
9.40467922258162e-23	1.32042904994621	0.178	0.072	4.67892196002658e-18	Spis-XP-022797946-1	Spis
1.02766969217073e-22	1.31106564857325	0.148	0.054	5.11275948551859e-18	Spis-XP-022795430-1	Spis
2.65783252714701e-14	1.30936786347193	0.116	0.048	1.32229826058091e-09	Spis-XP-022792137-1	Spis
8.78132804180602e-24	1.30441419600938	0.291	0.15	4.36879851407891e-19	Spis-XP-022784728-1	Spis
7.37882474155877e-19	1.29631607349353	0.143	0.057	3.6710390971729e-14	Spis-XP-022791701-1	Spis
1.69238613368575e-13	1.29594681658438	0.102	0.041	8.41979025369998e-09	Spis-XP-022787318-1	Spis
3.20032003773369e-14	1.28397110630257	0.1	0.039	1.59219122197289e-09	Spis-XP-022809912-1	Spis
9.50791383970684e-36	1.28311755628319	0.461	0.261	4.73028221439255e-31	Spis-Spis14506-1	Spis
3.98648102894631e-13	1.2804755504182	0.118	0.051	1.98331417671108e-08	Spis-XP-022791410-1	Spis
2.74254651237509e-11	1.27583632373254	0.103	0.046	1.36444431537173e-06	Spis-XP-022780999-1	Spis
1.50398277255228e-27	1.26648672353525	0.138	0.043	7.48246469172484e-23	Spis-XP-022802685-1	Spis
1.50509723984433e-21	1.2663646011761	0.229	0.107	7.48800927794952e-17	Spis-XP-022782832-1	Spis
2.61903652530449e-22	1.2476003693937	0.176	0.072	1.30299686170424e-17	Spis-XP-022789962-1	Spis
3.60126654300121e-39	1.23373325781664	0.296	0.118	1.79166611780853e-34	Spis-XP-022783592-1	Spis
3.85011043649039e-25	1.23195613269254	0.227	0.1	1.91546844325833e-20	Spis-XP-022796035-1	Spis
1.26518172713019e-14	1.22647790305463	0.156	0.073	6.2944056106454e-10	Spis-XP-022782515-1	Spis
9.43968457366019e-39	1.22483612366779	0.324	0.136	4.69633747224168e-34	Spis-XP-022791437-1	Spis
4.38255984617838e-51	1.22369056500071	0.405	0.169	2.18036734907221e-46	Spis-XP-022779869-1	Spis
2.53189296565316e-08	1.21350376251401	0.1	0.05	0.00125964206934211	Spis-XP-022786804-1	Spis
1.48154369625725e-27	1.2070530126545	0.25	0.11	7.37082804324943e-23	Spis-XP-022780101-1	Spis
3.27055608174508e-16	1.20441724561758	0.105	0.038	1.627134356229e-11	Spis-XP-022798600-1	Spis
3.61303032465994e-21	1.20279954657128	0.199	0.088	1.79751871682157e-16	Spis-XP-022794967-1	Spis
6.39322686602641e-31	1.19883827875959	0.286	0.128	3.1806942981168e-26	Spis-XP-022788107-1	Spis
1.22126642310036e-14	1.19862604447265	0.138	0.061	6.07592258156661e-10	Spis-XP-022790575-1	Spis
1.45277050217629e-41	1.1857359021468	0.437	0.217	7.22767852537725e-37	Spis-XP-022803509-1	Spis
4.56722059326936e-33	1.1845812024226	0.369	0.184	2.27223791735744e-28	Spis-XP-022803394-1	Spis
9.96971036082971e-07	1.1825199434849	0.105	0.059	0.0496003060161639	Spis-XP-022782704-1	Spis
2.9406721309667e-18	1.18211453776441	0.126	0.047	1.46301379187724e-13	Spis-XP-022801075-1	Spis
1.33257565346605e-13	1.17053915046859	0.11	0.045	6.62969713355893e-09	Spis-XP-022800370-1	Spis
6.74777023361913e-14	1.16714051213593	0.126	0.054	3.35708316892786e-09	Spis-XP-022795863-1	Spis
1.35705007455234e-31	1.16557197397329	0.445	0.254	6.75145982590532e-27	Spis-orphan-peak-15788	Spis
8.22192582549903e-11	1.16410026200685	0.134	0.067	4.09049031744402e-06	Spis-YP-002149707-1	Spis
2.14860372215804e-17	1.15719066407351	0.11	0.04	1.06895183781085e-12	Spis-XP-022807117-1	Spis
9.17061448158378e-38	1.15583174561581	0.105	0.022	4.56247241073275e-33	Spis-XP-022803066-1	Spis
3.06186558125602e-17	1.15464072774362	0.162	0.071	1.52330874533068e-12	Spis-XP-022792845-1	Spis
3.10086966138842e-56	1.15156253664853	0.375	0.14	1.54271366523735e-51	Spis-XP-022797547-1	Spis
5.35517164300504e-17	1.15146454419631	0.21	0.106	2.66425144411144e-12	Spis-XP-022800879-1	Spis
2.12789806614546e-18	1.14417215457332	0.165	0.071	1.05865056688803e-13	Spis-XP-022783448-1	Spis
1.81595862617022e-20	1.14117663112842	0.162	0.065	9.03457576105946e-16	Spis-XP-022807344-1	Spis
3.2641017011267e-09	1.13243462992507	0.113	0.057	0.000162392323732754	Spis-XP-022781685-1	Spis
4.01046109379233e-25	1.12936173393521	0.192	0.075	1.99524449877262e-20	Spis-XP-022792280-1	Spis
2.94086906090147e-09	1.12909880416065	0.1	0.048	0.000146311176648909	Spis-XP-022781848-1	Spis
4.07739838275307e-19	1.12673224086413	0.21	0.1	2.02854646940348e-14	Spis-Spis9289-1	Spis
8.86213200068742e-08	1.12435492291171	0.118	0.064	0.004408999291662	Spis-XP-022801187-1	Spis
1.34762397737794e-11	1.11875522956125	0.11	0.049	6.70456404985299e-07	Spis-XP-022779238-1	Spis
6.04588078165129e-16	1.11479441450867	0.137	0.057	3.00788614767933e-11	Spis-XP-022788027-1	Spis
3.20777811845752e-24	1.11474620389796	0.248	0.114	1.5959016917138e-19	Spis-XP-022800171-1	Spis
4.07762518148912e-14	1.10989486033721	0.146	0.067	2.02865930404265e-09	Spis-XP-022787304-1	Spis
9.6622813558302e-13	1.10600775603244	0.141	0.068	4.80708159733908e-08	Spis-XP-022783939-1	Spis
1.39978380365398e-16	1.10096479765543	0.124	0.048	6.96406440155892e-12	Spis-XP-022792880-1	Spis
3.69411232798242e-14	1.09798471515345	0.21	0.114	1.83785782429453e-09	Spis-XP-022777542-1	Spis
9.18545392332692e-20	1.09418980615268	0.14	0.053	4.56985518139438e-15	Spis-XP-022787696-1	Spis
5.70530701688587e-15	1.08704896873529	0.154	0.071	2.83844729397089e-10	Spis-XP-022787173-1	Spis
6.29284231298e-30	1.0860181978394	0.107	0.026	3.13075197913068e-25	Spis-XP-022795690-1	Spis
4.05378810571446e-15	1.08332963754041	0.121	0.049	2.016800120474e-10	Spis-XP-022787586-1	Spis
1.29989444328332e-09	1.07612092076474	0.111	0.054	6.46710484477886e-05	Spis-XP-022797557-1	Spis
5.30888042631778e-12	1.0745822651014	0.11	0.048	2.64122110089736e-07	Spis-XP-022788271-1	Spis
6.96939147584466e-12	1.07031830215579	0.113	0.05	3.46734195314748e-07	Spis-XP-022779105-1	Spis
2.44933106641129e-17	1.06923050909004	0.189	0.09	1.21856669885028e-12	Spis-XP-022783393-1	Spis
2.24509627333876e-17	1.06886886386451	0.219	0.112	1.11695784694877e-12	Spis-XP-022794564-1	Spis
3.98971277797168e-11	1.061917035963	0.121	0.057	1.98492200416869e-06	Spis-XP-022780643-1	Spis
1.84462863409785e-13	1.06179350802078	0.102	0.04	9.17721191750022e-09	Spis-XP-022787277-1	Spis
6.56062899207536e-17	1.04704024309791	0.126	0.049	3.26397852984741e-12	Spis-LOC111340986	Spis
8.69722454327423e-13	1.04644610533816	0.197	0.108	4.32695618252436e-08	Spis-XP-022793659-1	Spis
1.00838131850951e-11	1.03989658907608	0.132	0.063	5.01679789771668e-07	Spis-XP-022797308-1	Spis
3.13916383771258e-13	1.03603305797256	0.121	0.052	1.56176540090039e-08	Spis-XP-022786205-1	Spis
2.41701651473835e-10	1.03131469808499	0.119	0.058	1.20248988624748e-05	Spis-XP-022798187-1	Spis
4.67111460356374e-49	1.03048863420241	0.356	0.138	2.323926226419e-44	Spis-XP-022793698-1	Spis
1.9562590976412e-49	1.02823947362132	0.218	0.062	9.73258463667471e-45	Spis-XP-022781270-1	Spis
5.67459528753131e-24	1.02275912377457	0.318	0.167	2.8231679014997e-19	Spis-Spis8561-1	Spis
6.31378313578677e-30	1.02020753065388	0.405	0.219	3.14117024788527e-25	Spis-XP-022780292-1	Spis
5.33993622945997e-08	1.01877308863771	0.143	0.083	0.00265667167351863	Spis-XP-022807678-1	Spis
2.18744742848441e-12	1.01392210423863	0.11	0.047	1.08827697014528e-07	Spis-XP-022799321-1	Spis
5.84562153356e-28	1.01054035180202	0.412	0.228	2.90825516916144e-23	Spis-LOC111346130	Spis
1.74358897404497e-20	1.00886249869245	0.159	0.063	8.67452950477111e-16	Spis-XP-022785860-1	Spis
2.74235123080938e-21	1.00699901410303	0.273	0.138	1.36434716083998e-16	Spis-XP-022785735-1	Spis
4.9050398504824e-10	1.00648640989343	0.1	0.046	2.4403063760135e-05	Spis-XP-022791808-1	Spis
2.49058073944625e-13	1.00394964123691	0.184	0.096	1.2390888236819e-08	Spis-XP-022796879-1	Spis
0	10.793202154433	0.114	0	0	Ocupat-orphan-10827	Ocupat
0	10.0689726184718	0.156	0	0	Ocupat-orphan-8420	Ocupat
0	9.90860462864523	0.109	0	0	Ocupat-v02-G000266	Ocupat
0	9.48861680548434	0.103	0	0	Ocupat-v02-G044141	Ocupat
0	9.18042276075544	0.116	0	0	Ocupat-v02-G042260	Ocupat
0	9.0757564026938	0.131	0	0	Ocupat-v02-G022801	Ocupat
0	9.04026489665573	0.428	0.002	0	Ocupat-v02-G040173	Ocupat
0	8.95589394721102	0.23	0.001	0	Ocupat-v02-G023744	Ocupat
0	8.87832293740297	0.301	0.003	0	Ocupat-v02-G040174	Ocupat
0	8.71047685653747	0.116	0	0	Ocupat-v02-G020825	Ocupat
0	8.6663408036424	0.403	0.001	0	Ocupat-v02-G022617	Ocupat
0	8.66404336723712	0.243	0.001	0	Ocupat-v02-G003210	Ocupat
0	8.62826583891906	0.105	0.002	0	Ocupat-v02-G024793	Ocupat
0	8.61930314914963	0.7	0.023	0	Ocupat-v02-G040168	Ocupat
0	8.57011171057336	0.732	0.049	0	Ocupat-v02-G040180	Ocupat
0	8.55469661087606	0.34	0.001	0	Ocupat-v02-G011820	Ocupat
0	8.53374129182504	0.381	0.002	0	Ocupat-v02-G039279	Ocupat
0	8.45840902484856	0.277	0.003	0	Ocupat-orphan-5581	Ocupat
0	8.43102478716446	0.705	0.006	0	Ocupat-v02-G036353	Ocupat
0	8.42417365882465	0.226	0	0	Ocupat-v02-G011818	Ocupat
0	8.37450087172701	0.517	0.002	0	Ocupat-v02-G020664	Ocupat
0	8.36151906680577	0.164	0.005	0	Ocupat-v02-G022759	Ocupat
0	8.32646527214259	0.149	0.001	0	Ocupat-v02-G040855	Ocupat
0	8.29564799830245	0.767	0.019	0	Ocupat-v02-G040178	Ocupat
0	8.27956430553196	0.508	0.002	0	Ocupat-orphan-5558	Ocupat
0	8.27758071680745	0.47	0.002	0	Ocupat-v02-G009910	Ocupat
0	8.27111646393651	0.444	0.001	0	Ocupat-v02-G038170	Ocupat
0	8.25157885812487	0.709	0.014	0	Ocupat-v02-G040177	Ocupat
0	8.21295909759766	0.2	0.005	0	Ocupat-v02-G020823	Ocupat
0	8.19499336398129	0.102	0	0	Ocupat-orphan-340	Ocupat
0	8.18433235579949	0.211	0	0	Ocupat-v02-G000267	Ocupat
0	8.16956517178575	0.384	0.008	0	Ocupat-v02-G031972	Ocupat
0	8.1633625566498	0.393	0.011	0	Ocupat-v02-G031970	Ocupat
0	8.13322431054654	0.785	0.009	0	Ocupat-v02-G022622	Ocupat
0	8.07054522897981	0.189	0.001	0	Ocupat-v02-G043689	Ocupat
0	8.06114072586236	0.281	0.002	0	Ocupat-v02-G012660	Ocupat
0	8.03590990175216	0.781	0.006	0	Ocupat-v02-G033194	Ocupat
0	8.02138818338327	0.103	0	0	Ocupat-orphan-8579	Ocupat
0	8.01660920898379	0.23	0.02	0	Ocupat-v02-G022760	Ocupat
0	7.99090615451921	0.311	0.002	0	Ocupat-v02-G009913	Ocupat
0	7.98092111575476	0.687	0.009	0	Ocupat-v02-G017155	Ocupat
0	7.89053702301984	0.397	0.001	0	Ocupat-v02-G023100	Ocupat
0	7.88445158198	0.339	0.002	0	Ocupat-v02-G040181	Ocupat
0	7.85438424549387	0.263	0.004	0	Ocupat-v02-G031971	Ocupat
0	7.84446979583363	0.101	0.001	0	Ocupat-v02-G037813	Ocupat
0	7.82693928830824	0.329	0.002	0	Ocupat-v02-G009917	Ocupat
0	7.82690014558541	0.339	0.005	0	Ocupat-v02-G031969	Ocupat
0	7.8230657811748	0.718	0.006	0	Ocupat-v02-G040183	Ocupat
0	7.71065613318159	0.141	0.001	0	Ocupat-v02-G024700	Ocupat
0	7.62074565159635	0.379	0.002	0	Ocupat-v02-G043236	Ocupat
0	7.61740951979535	0.408	0.007	0	Ocupat-v02-G022611	Ocupat
0	7.56435628604563	0.12	0	0	Ocupat-v02-G032638	Ocupat
0	7.53750787127053	0.218	0.001	0	Ocupat-orphan-5427	Ocupat
0	7.53267053503202	0.283	0.002	0	Ocupat-v02-G042817	Ocupat
0	7.52001940003205	0.148	0.002	0	Ocupat-v02-G003606	Ocupat
0	7.51909522653306	0.272	0.002	0	Ocupat-v02-G033195	Ocupat
0	7.48076773336016	0.127	0.001	0	Ocupat-v02-G040195	Ocupat
0	7.48013087102371	0.627	0.008	0	Ocupat-v02-G022595	Ocupat
0	7.46303392349724	0.532	0.037	0	Ocupat-v02-G036541	Ocupat
0	7.45568950070467	0.357	0.002	0	Ocupat-v02-G032639	Ocupat
0	7.42453330674345	0.159	0.001	0	Ocupat-v02-G041677	Ocupat
0	7.42025308717686	0.156	0.004	0	Ocupat-orphan-5428	Ocupat
0	7.41071460221249	0.261	0.001	0	Ocupat-v02-G011292	Ocupat
0	7.38895918581368	0.337	0.002	0	Ocupat-v02-G022376	Ocupat
0	7.36367697910712	0.195	0.001	0	Ocupat-v02-G032954	Ocupat
0	7.35943427745606	0.147	0.001	0	Ocupat-v02-G009415	Ocupat
0	7.35507051487199	0.864	0.026	0	Ocupat-v02-G022773	Ocupat
0	7.35180003726637	0.162	0.001	0	Ocupat-v02-G020496	Ocupat
0	7.33247099357266	0.339	0.002	0	Ocupat-v02-G032764	Ocupat
0	7.30659576065447	0.105	0.001	0	Ocupat-v02-G040166	Ocupat
0	7.2970683187742	0.633	0.006	0	Ocupat-v02-G044758	Ocupat
0	7.26110972680653	0.404	0.002	0	Ocupat-v02-G020577	Ocupat
0	7.25665169835998	0.386	0.027	0	Ocupat-v02-G022771	Ocupat
0	7.25035878130092	0.395	0.005	0	Ocupat-v02-G041680	Ocupat
0	7.24815539071646	0.207	0.001	0	Ocupat-v02-G020497	Ocupat
0	7.22649414785792	0.131	0.002	0	Ocupat-v02-G023743	Ocupat
0	7.21690843877973	0.165	0.001	0	Ocupat-v02-G000794	Ocupat
0	7.2055681722408	0.484	0.022	0	Ocupat-v02-G022607	Ocupat
0	7.18545829150387	0.109	0	0	Ocupat-v02-G036345	Ocupat
0	7.15765978959862	0.149	0.001	0	Ocupat-v02-G034970	Ocupat
0	7.15326571303938	0.171	0.001	0	Ocupat-v02-G035151	Ocupat
0	7.14713374862804	0.117	0.001	0	Ocupat-v02-G012226	Ocupat
0	7.11556039938348	0.141	0.002	0	Ocupat-v02-G024835	Ocupat
0	7.08816491684799	0.221	0.005	0	Ocupat-v02-G035324	Ocupat
0	7.05633723861969	0.131	0.002	0	Ocupat-v02-G022770	Ocupat
0	6.9982767276291	0.378	0.004	0	Ocupat-v02-G029751	Ocupat
2.96439387504748e-323	6.97454889053561	0.121	0.006	1.51572423225053e-318	Ocupat-v02-G024830	Ocupat
0	6.94054199614577	0.838	0.031	0	Ocupat-v02-G017116	Ocupat
0	6.9375974822968	0.135	0.001	0	Ocupat-v02-G009337	Ocupat
0	6.87943017662512	0.377	0.04	0	Ocupat-v02-G022769	Ocupat
0	6.84500391321368	0.275	0.002	0	Ocupat-v02-G031422	Ocupat
0	6.83467386733438	0.156	0.001	0	Ocupat-v02-G011894	Ocupat
0	6.82662255962238	0.119	0.001	0	Ocupat-v02-G022620	Ocupat
0	6.78737216550428	0.339	0.003	0	Ocupat-v02-G032988	Ocupat
0	6.750534861747	0.475	0.004	0	Ocupat-v02-G035479	Ocupat
0	6.74058356553029	0.573	0.008	0	Ocupat-v02-G022598	Ocupat
0	6.6222645984329	0.358	0.005	0	Ocupat-v02-G026728	Ocupat
0	6.61869303276272	0.166	0.001	0	Ocupat-v02-G022596	Ocupat
0	6.60718744273534	0.357	0.003	0	Ocupat-v02-G002575	Ocupat
0	6.48116578883787	0.191	0.002	0	Ocupat-v02-G005735	Ocupat
0	6.47846815621598	0.121	0.001	0	Ocupat-v02-G020404	Ocupat
0	6.41536310458178	0.11	0.002	0	Ocupat-v02-G032946	Ocupat
0	6.38094346047112	0.131	0.001	0	Ocupat-v02-G041354	Ocupat
0	6.31503569125647	0.219	0.004	0	Ocupat-v02-G043207	Ocupat
0	6.22685523933676	0.197	0.002	0	Ocupat-v02-G020808	Ocupat
0	6.19578388659814	0.16	0.001	0	Ocupat-v02-G009911	Ocupat
6.15332475174462e-173	6.14088175760542	0.169	0.026	3.14625647881454e-168	Ocupat-v02-G009042	Ocupat
0	6.09894070447147	0.213	0.002	0	Ocupat-v02-G021316	Ocupat
0	6.05230034867258	0.127	0.002	0	Ocupat-v02-G026811	Ocupat
0	6.03914502623885	0.282	0.004	0	Ocupat-v02-G037475	Ocupat
0	5.98894767410372	0.172	0.003	0	Ocupat-v02-G009912	Ocupat
0	5.97947413920133	0.145	0.002	0	Ocupat-v02-G026974	Ocupat
0	5.97762485076242	0.116	0.003	0	Ocupat-v02-G022766	Ocupat
0	5.97438588128535	0.204	0.001	0	Ocupat-v02-G043520	Ocupat
0	5.95861272424082	0.512	0.011	0	Ocupat-v02-G036243	Ocupat
0	5.86364046033311	0.187	0.003	0	Ocupat-v02-G043237	Ocupat
0	5.85084644760848	0.187	0.008	0	Ocupat-v02-G012658	Ocupat
0	5.70034690193247	0.602	0.013	0	Ocupat-v02-G002214	Ocupat
0	5.61339895113074	0.356	0.007	0	Ocupat-v02-G043239	Ocupat
0	5.23346679972372	0.254	0.008	0	Ocupat-v02-G020031	Ocupat
0	5.06817024118119	0.162	0.007	0	Ocupat-v02-G017156	Ocupat
0	5.06390534838197	0.127	0.002	0	Ocupat-v02-G041646	Ocupat
0	4.99853764450761	0.182	0.008	0	Ocupat-v02-G012657	Ocupat
0	4.89091376958243	0.103	0.002	0	Ocupat-v02-G031652	Ocupat
0	4.88848726341326	0.167	0.006	0	Ocupat-v02-G021605	Ocupat
0	4.87759765095421	0.167	0.006	0	Ocupat-v02-G034362	Ocupat
0	4.75728533219689	0.259	0.007	0	Ocupat-v02-G040593	Ocupat
3.8852524215261e-254	4.70781923794692	0.111	0.007	1.98656841565051e-249	Ocupat-v02-G030114	Ocupat
0	4.68544495908644	0.111	0.004	0	Ocupat-v02-G006016	Ocupat
0	4.6385102846047	0.17	0.007	0	Ocupat-v02-G034239	Ocupat
2.94669847270645e-297	4.60347676804553	0.103	0.004	1.50667639607953e-292	Ocupat-v02-G033840	Ocupat
0	4.51171283389907	0.287	0.011	0	Ocupat-v02-G022064	Ocupat
0	4.50867962735991	0.208	0.009	0	Ocupat-v02-G027970	Ocupat
0	4.49779590164968	0.149	0.005	0	Ocupat-v02-G000050	Ocupat
0	4.44363025704573	0.306	0.008	0	Ocupat-v02-G013511	Ocupat
0	4.42788509921321	0.208	0.008	0	Ocupat-v02-G026717	Ocupat
0	4.41060646670156	0.249	0.013	0	Ocupat-v02-G032697	Ocupat
0	4.34623106649144	0.115	0.004	0	Ocupat-v02-G024035	Ocupat
0	4.21640869088784	0.393	0.013	0	Ocupat-v02-G034902	Ocupat
0	4.19165856134306	0.128	0.006	0	Ocupat-v02-G009044	Ocupat
6.27588273966177e-314	4.07314049950725	0.129	0.007	3.20892160361646e-309	Ocupat-v02-G041063	Ocupat
1.11696889303759e-282	4.06535391491977	0.1	0.004	5.71117364699051e-278	Ocupat-v02-G022469	Ocupat
0	4.0574463162399	0.207	0.009	0	Ocupat-v02-G035558	Ocupat
0	4.04606522054875	0.177	0.006	0	Ocupat-v02-G011917	Ocupat
0	4.01637312586803	0.276	0.014	0	Ocupat-v02-G005463	Ocupat
0	3.88304518875422	0.29	0.02	0	Ocupat-v02-G020736	Ocupat
0	3.84313100824832	0.326	0.021	0	Ocupat-v02-G029556	Ocupat
0	3.83364596063326	0.188	0.012	0	Ocupat-v02-G006896	Ocupat
0	3.79252626681724	0.315	0.02	0	Ocupat-v02-G027819	Ocupat
0	3.73544864639493	0.356	0.027	0	Ocupat-v02-G003796	Ocupat
0	3.71524990820489	0.144	0.004	0	Ocupat-v02-G038984	Ocupat
0	3.68609144557632	0.494	0.04	0	Ocupat-v02-G040394	Ocupat
0	3.60870358523586	0.148	0.007	0	Ocupat-v02-G032617	Ocupat
6.82189462339406e-285	3.52972762843368	0.136	0.009	3.48810293988762e-280	Ocupat-v02-G043181	Ocupat
2.54437871062153e-286	3.48980686038225	0.301	0.051	1.30096627852789e-281	Ocupat-orphan-2647	Ocupat
0	3.43511386119823	0.259	0.02	0	Ocupat-v02-G036714	Ocupat
1.43569117397083e-272	3.42834218094765	0.151	0.013	7.34083254163024e-268	Ocupat-v02-G017131	Ocupat
0	3.41220531625717	0.567	0.086	0	Ocupat-v02-G038036	Ocupat
1.92114804352077e-130	3.32205161956641	0.135	0.021	9.82302206132606e-126	Ocupat-v02-G008051	Ocupat
2.25429626110806e-259	3.31694050009151	0.172	0.017	1.15264422126716e-254	Ocupat-v02-G008314	Ocupat
6.73711456617787e-177	3.27294192179712	0.131	0.015	3.44475404883241e-172	Ocupat-v02-G010472	Ocupat
0	3.2605690746871	0.242	0.028	0	Ocupat-v02-G042586	Ocupat
0	3.25200302536358	0.293	0.013	0	Ocupat-v02-G004815	Ocupat
0	3.22384992783812	0.377	0.054	0	Ocupat-v02-G036849	Ocupat
0	3.20984216717669	0.438	0.071	0	Ocupat-v02-G027974	Ocupat
5.17996919158101e-184	3.20731679512424	0.125	0.013	2.64857004734728e-179	Ocupat-v02-G024779	Ocupat
0	3.16860681738398	0.308	0.025	0	Ocupat-v02-G034359	Ocupat
5.46901479526694e-147	3.12248021796592	0.105	0.011	2.79636195496794e-142	Ocupat-v02-G036464	Ocupat
0	3.09012297393369	0.546	0.056	0	Ocupat-v02-G029328	Ocupat
0	3.07653832113707	0.215	0.022	0	Ocupat-v02-G009265	Ocupat
1.98578400037046e-278	3.03938830562485	0.147	0.011	1.01535121722942e-273	Ocupat-v02-G027831	Ocupat
0	3.00077745001652	0.335	0.026	0	Ocupat-v02-G039541	Ocupat
0	2.93768175781508	0.292	0.017	0	Ocupat-v02-G034904	Ocupat
4.97652407571493e-246	2.9361681713077	0.166	0.017	2.5445465251538e-241	Ocupat-v02-G000289	Ocupat
0	2.92717966122415	0.514	0.105	0	Ocupat-v02-G026727	Ocupat
2.85109187144639e-210	2.89478566776159	0.195	0.028	1.45779178478925e-205	Ocupat-orphan-597	Ocupat
2.77048961478451e-74	2.85702010437629	0.154	0.042	1.41657904493547e-69	Ocupat-v02-G033221	Ocupat
0	2.81875077683874	0.411	0.057	0	Ocupat-v02-G003416	Ocupat
4.90527005919182e-174	2.81220662354088	0.105	0.01	2.50811363396537e-169	Ocupat-v02-G026790	Ocupat
2.71628898089869e-141	2.80767938351553	0.112	0.014	1.38886571882331e-136	Ocupat-v02-G000049	Ocupat
0	2.77590676381303	0.219	0.021	0	Ocupat-v02-G029327	Ocupat
4.70703935605934e-277	2.70545620496653	0.27	0.041	2.4067562931467e-272	Ocupat-v02-G007607	Ocupat
4.09252739279296e-308	2.70491900215237	0.112	0.005	2.09255018120897e-303	Ocupat-v02-G012247	Ocupat
0	2.69938565632747	0.396	0.071	0	Ocupat-v02-G027563	Ocupat
0	2.66674021373169	0.244	0.026	0	Ocupat-orphan-7143	Ocupat
0	2.65524268171444	0.522	0.088	0	Ocupat-v02-G009466	Ocupat
2.19005925547012e-134	2.64526557284787	0.119	0.016	1.11979919791443e-129	Ocupat-v02-G024593	Ocupat
9.28416762642881e-159	2.64189189503264	0.125	0.015	4.74708774906932e-154	Ocupat-v02-G013323	Ocupat
6.87382548747565e-215	2.64075674156171	0.192	0.026	3.51465571000118e-210	Ocupat-v02-G008788	Ocupat
6.14704166767448e-172	2.61912936983881	0.141	0.018	3.14304387509864e-167	Ocupat-v02-G003362	Ocupat
0	2.60580271864903	0.251	0.029	0	Ocupat-v02-G040643	Ocupat
2.10038960079583e-138	2.57399736016472	0.136	0.02	1.07395020678292e-133	Ocupat-v02-G042953	Ocupat
9.15095662584405e-134	2.51786679316637	0.144	0.023	4.67897563236032e-129	Ocupat-v02-G009517	Ocupat
3.66683706977555e-269	2.49709312773602	0.225	0.029	1.87489046214694e-264	Ocupat-v02-G042950	Ocupat
4.39189731744481e-147	2.48922247007828	0.18	0.033	2.24562101738271e-142	Ocupat-v02-G025443	Ocupat
0	2.47861927652127	0.121	0.005	0	Ocupat-orphan-335	Ocupat
9.91027212443039e-302	2.42724701566435	0.354	0.064	5.0672212399425e-297	Ocupat-v02-G029750	Ocupat
4.95650795333277e-282	2.42226800551216	0.27	0.04	2.53431208161858e-277	Ocupat-v02-G010862	Ocupat
2.88195309541664e-168	2.3960090164365	0.213	0.04	1.47357143721748e-163	Ocupat-v02-G033154	Ocupat
1.07815394135892e-159	2.39151504564476	0.217	0.043	5.51270891756231e-155	Ocupat-orphan-5760	Ocupat
4.4538606975732e-109	2.38956008281463	0.11	0.017	2.27730351327615e-104	Ocupat-v02-G010334	Ocupat
8.92610667867491e-196	2.38411246229298	0.254	0.049	4.56400760587327e-191	Ocupat-v02-G037224	Ocupat
0	2.38242092628199	0.385	0.062	0	Ocupat-v02-G005897	Ocupat
1.27736002969986e-169	2.37432605937757	0.102	0.009	6.53126956785834e-165	Ocupat-v02-G011717	Ocupat
1.40322936564394e-75	2.36498014257909	0.127	0.03	7.17485206947404e-71	Ocupat-v02-G026515	Ocupat
1.75016121241334e-99	2.36248517532234	0.121	0.022	8.94874929519063e-95	Ocupat-v02-G018857	Ocupat
1.57148403702167e-128	2.35141445565083	0.131	0.02	8.03515502969551e-124	Ocupat-v02-G020526	Ocupat
2.58195841541942e-186	2.35011024184761	0.187	0.028	1.3201811573881e-181	Ocupat-v02-G005765	Ocupat
1.41510865521706e-97	2.32408202161247	0.186	0.048	7.23559206499036e-93	Ocupat-v02-G023085	Ocupat
7.41890771866228e-176	2.32022712348903	0.228	0.044	3.79336170562921e-171	Ocupat-v02-G042614	Ocupat
2.11491807445108e-174	2.31789367152229	0.223	0.042	1.08137876064758e-169	Ocupat-v02-G005613	Ocupat
4.36898678304131e-131	2.29470870045912	0.125	0.018	2.23390663203685e-126	Ocupat-v02-G036418	Ocupat
8.72851881271241e-221	2.28092486252195	0.3	0.061	4.46297895412798e-216	Ocupat-v02-G006740	Ocupat
1.07699631321552e-182	2.27066495242283	0.114	0.011	5.50678984910226e-178	Ocupat-orphan-4231	Ocupat
6.21263244791734e-66	2.26504035850528	0.146	0.041	3.17658109694462e-61	Ocupat-v02-G043073	Ocupat
0	2.25610787332506	0.363	0.043	0	Ocupat-v02-G022567	Ocupat
7.68237102052277e-226	2.24149075267994	0.3	0.059	3.9280731265035e-221	Ocupat-v02-G041695	Ocupat
6.74389164788509e-61	2.17430614222521	0.1	0.023	3.44821923848012e-56	Ocupat-v02-G008413	Ocupat
4.62370437920467e-123	2.17184191609811	0.131	0.021	2.36414628613114e-118	Ocupat-v02-G025568	Ocupat
0	2.17068041791189	0.14	0.006	0	Ocupat-v02-G036904	Ocupat
8.10996914047603e-101	2.12346997665006	0.124	0.022	4.1467083212168e-96	Ocupat-v02-G022506	Ocupat
5.77250859071509e-158	2.11690172318627	0.124	0.015	2.95154136751853e-153	Ocupat-v02-G019867	Ocupat
2.72733705939171e-92	2.10667136200895	0.123	0.024	1.39451471183757e-87	Ocupat-v02-G035834	Ocupat
4.77309022440349e-208	2.08226254163634	0.316	0.07	2.44052876263975e-203	Ocupat-v02-G024224	Ocupat
9.0219401901944e-95	2.03213427788919	0.119	0.022	4.6130082386483e-90	Ocupat-v02-G022644	Ocupat
8.14524468107652e-88	2.02612725907534	0.135	0.029	4.16474505788124e-83	Ocupat-v02-G000612	Ocupat
1.78212194106666e-165	1.99205059614121	0.234	0.048	9.11216769686795e-161	Ocupat-v02-G025647	Ocupat
9.56220887022373e-86	1.98533604831307	0.138	0.031	4.8892530174341e-81	Ocupat-v02-G017600	Ocupat
2.83279553167767e-111	1.96949410506941	0.172	0.037	1.44843668330211e-106	Ocupat-v02-G038770	Ocupat
3.84238403295294e-73	1.96334118281845	0.105	0.022	1.96464937988917e-68	Ocupat-v02-G034618	Ocupat
6.11808477547506e-71	1.94258603568142	0.146	0.039	3.12823792654815e-66	Ocupat-v02-G024100	Ocupat
5.91466542202423e-92	1.90037270174433	0.125	0.024	3.02422757693521e-87	Ocupat-v02-G028531	Ocupat
6.24183908157289e-174	1.89769135032084	0.223	0.041	3.19151474079904e-169	Ocupat-v02-G010190	Ocupat
1.88928343842649e-101	1.89631225897369	0.163	0.037	9.66009514901849e-97	Ocupat-v02-G009521	Ocupat
1.09723123643329e-167	1.88839908067119	0.279	0.065	5.61025303500708e-163	Ocupat-v02-G010672	Ocupat
3.47401934085826e-72	1.86903296653812	0.179	0.054	1.77630082917423e-67	Ocupat-orphan-5425	Ocupat
4.25330492748779e-78	1.86615874094091	0.126	0.028	2.17475734247378e-73	Ocupat-v02-G033200	Ocupat
2.60866743770944e-54	1.85254836687737	0.108	0.028	1.33383774757522e-49	Ocupat-orphan-8373	Ocupat
1.13642234744751e-84	1.84746197915892	0.162	0.041	5.81064110473386e-80	Ocupat-v02-G023766	Ocupat
8.19015089652137e-85	1.84118319934602	0.113	0.022	4.18770605490034e-80	Ocupat-v02-G003404	Ocupat
1.03082974653169e-130	1.80778917191331	0.269	0.073	5.2707355769912e-126	Ocupat-v02-G001426	Ocupat
5.39406425080819e-174	1.77266443311229	0.369	0.103	2.75803899208073e-169	Ocupat-v02-G004280	Ocupat
2.5832428701655e-107	1.77248131975671	0.198	0.049	1.32083791194432e-102	Ocupat-v02-G018358	Ocupat
4.88049796443993e-55	1.76338118216543	0.208	0.08	2.49544741419778e-50	Ocupat-v02-G039781	Ocupat
3.82244198930144e-49	1.76178950165135	0.102	0.027	1.95445281354972e-44	Ocupat-v02-G038310	Ocupat
5.28499573261413e-57	1.76009537782029	0.101	0.024	2.70227116804293e-52	Ocupat-v02-G038769	Ocupat
8.00918615397415e-104	1.74335301209689	0.121	0.021	4.09517697238852e-99	Ocupat-v02-G021049	Ocupat
7.55119803429369e-64	1.73438467370507	0.107	0.025	3.86100306691471e-59	Ocupat-v02-G016974	Ocupat
1.36267451145164e-127	1.72444395034463	0.303	0.09	6.96749104450336e-123	Ocupat-v02-G025369	Ocupat
2.03857126607118e-81	1.71487766190421	0.105	0.02	1.04234187405486e-76	Ocupat-v02-G005586	Ocupat
3.43128215686615e-262	1.71347733246427	0.562	0.17	1.75444887962723e-257	Ocupat-v02-G012684	Ocupat
8.10816451771193e-39	1.70702848518573	0.132	0.048	4.14578559955129e-34	Ocupat-v02-G010737	Ocupat
0	1.68720968894149	0.477	0.084	0	Ocupat-v02-G030200	Ocupat
1.33882725256877e-95	1.68584676902028	0.195	0.052	6.8455576251094e-91	Ocupat-v02-G019456	Ocupat
3.97175882643128e-103	1.67505135590784	0.114	0.019	2.03080000554258e-98	Ocupat-v02-G036388	Ocupat
6.2228514264341e-180	1.66219204080481	0.664	0.329	3.18180616285002e-175	Ocupat-v02-G002231	Ocupat
3.53689099464639e-70	1.66043693063192	0.206	0.069	1.80844773447264e-65	Ocupat-v02-G020832	Ocupat
6.4718875506271e-86	1.65905608039161	0.17	0.044	3.30914082351114e-81	Ocupat-v02-G032239	Ocupat
0	1.64631092165198	0.305	0.027	0	Ocupat-v02-G035145	Ocupat
1.13362364330089e-148	1.63763608131476	0.529	0.218	5.7963310505618e-144	Ocupat-v02-G006119	Ocupat
5.41637622574703e-56	1.63306838138633	0.137	0.041	2.76944732798671e-51	Ocupat-v02-G033207	Ocupat
1.97971177967077e-75	1.60504612513098	0.155	0.041	1.01224643006346e-70	Ocupat-v02-G044611	Ocupat
6.99381822475454e-157	1.60345472261311	0.4	0.128	3.57600919649924e-152	Ocupat-v02-G032024	Ocupat
2.21142294226044e-149	1.5940473714025	0.5	0.196	1.13072266460718e-144	Ocupat-v02-G016697	Ocupat
1.4493939964349e-217	1.59039548616948	0.519	0.163	7.41089644317128e-213	Ocupat-v02-G007257	Ocupat
1.30012791776678e-76	1.56823065895035	0.171	0.047	6.64768405633332e-72	Ocupat-v02-G038451	Ocupat
5.21829630546532e-62	1.50869214401686	0.176	0.057	2.66816708394747e-57	Ocupat-v02-G005360	Ocupat
1.10933660987294e-135	1.49920521723244	0.526	0.236	5.67214901994132e-131	Ocupat-v02-G025321	Ocupat
2.44666425102279e-60	1.49335889620538	0.198	0.07	1.25100389819046e-55	Ocupat-v02-G019839	Ocupat
5.31744208704331e-66	1.48871360917667	0.162	0.048	2.71886131352611e-61	Ocupat-v02-G040200	Ocupat
2.56947200907014e-61	1.43688344773459	0.108	0.025	1.31379673295765e-56	Ocupat-v02-G038988	Ocupat
5.37958506881381e-57	1.43430435488308	0.11	0.028	2.75063564153519e-52	Ocupat-orphan-1529	Ocupat
1.32949614224722e-48	1.41500761446213	0.122	0.037	6.79784672492428e-44	Ocupat-v02-G027638	Ocupat
4.23239459312677e-65	1.39766681732977	0.161	0.048	2.16406567941165e-60	Ocupat-v02-G043872	Ocupat
3.40592715744287e-58	1.39113289745022	0.153	0.047	1.74148461487211e-53	Ocupat-v02-G041373	Ocupat
7.17143074325792e-66	1.38813756485705	0.172	0.053	3.66682425333521e-61	Ocupat-v02-G043623	Ocupat
6.99431075104987e-46	1.38462700837474	0.148	0.051	3.57626103011931e-41	Ocupat-v02-G030337	Ocupat
9.12475064181813e-84	1.38450199594318	0.165	0.042	4.66557625066803e-79	Ocupat-v02-G000756	Ocupat
7.09300348938239e-33	1.38010300222265	0.172	0.076	3.62672361415611e-28	Ocupat-v02-G039977	Ocupat
2.64993869889504e-14	1.37895224521915	0.187	0.116	1.35494015613202e-09	Ocupat-v02-G020679	Ocupat
2.51751182648729e-46	1.37410159741674	0.12	0.036	1.28722897200122e-41	Ocupat-v02-G013450	Ocupat
4.73737159368874e-33	1.37214847367185	0.117	0.043	2.42226546956899e-28	Ocupat-v02-G035239	Ocupat
4.15458042420383e-43	1.36483031470635	0.124	0.04	2.12427851669966e-38	Ocupat-v02-G042744	Ocupat
1.23822475848214e-39	1.36429969194746	0.107	0.034	6.33116701259501e-35	Ocupat-v02-G041707	Ocupat
1.9126053787449e-54	1.3594179023916	0.137	0.041	9.77934256206057e-50	Ocupat-v02-G018013	Ocupat
2.77392640993174e-39	1.34009739149108	0.131	0.046	1.4183363126622e-34	Ocupat-v02-G010527	Ocupat
1.4473330906502e-101	1.33985940879161	0.223	0.061	7.40035882580353e-97	Ocupat-v02-G032696	Ocupat
5.07987260888805e-126	1.332625918414	0.417	0.156	2.59738966365055e-121	Ocupat-v02-G030412	Ocupat
0	1.32294981941669	0.406	0.062	0	Ocupat-v02-G038357	Ocupat
1.03941986109549e-64	1.32085704435191	0.162	0.048	5.31465769176735e-60	Ocupat-v02-G016698	Ocupat
1.71308830194788e-59	1.31519984035189	0.162	0.051	8.75919179668972e-55	Ocupat-v02-G031443	Ocupat
2.6789946260498e-45	1.31448267682699	0.12	0.037	1.36979674224552e-40	Ocupat-v02-G005725	Ocupat
6.68908828141905e-26	1.31411833890858	0.11	0.044	3.42019772917237e-21	Ocupat-v02-G010736	Ocupat
2.96438852408365e-185	1.31365847133913	0.668	0.29	1.51572149624921e-180	Ocupat-v02-G043838	Ocupat
5.76253219270959e-43	1.31064297627241	0.11	0.033	2.94644033545434e-38	Ocupat-orphan-4803	Ocupat
5.14451735076837e-60	1.30907222008104	0.178	0.059	2.63044316662137e-55	Ocupat-v02-G036788	Ocupat
1.02005787093563e-25	1.30541532143623	0.115	0.047	5.21565789988096e-21	Ocupat-v02-G024329	Ocupat
3.60820152796428e-33	1.2992638692398	0.107	0.037	1.84490952326341e-28	Ocupat-v02-G000563	Ocupat
1.84543231465044e-59	1.29279039148991	0.146	0.043	9.43587996803917e-55	Ocupat-v02-G024350	Ocupat
1.87515252568718e-35	1.28989808431503	0.144	0.056	9.58784237909111e-31	Ocupat-v02-G010949	Ocupat
3.41467613514744e-64	1.28250110938935	0.15	0.043	1.74595805466224e-59	Ocupat-v02-G022638	Ocupat
3.15651320028811e-38	1.27856296375493	0.105	0.033	1.61395676443931e-33	Ocupat-v02-G037680	Ocupat
2.42466474560243e-49	1.27816947919134	0.137	0.044	1.23975533107398e-44	Ocupat-v02-G011554	Ocupat
3.28705096018823e-42	1.27569704180904	0.11	0.034	1.68070202645384e-37	Ocupat-v02-G001165	Ocupat
1.14565327847277e-165	1.26432038760234	0.328	0.084	5.85783977815914e-161	Ocupat-v02-G003793	Ocupat
1.0645905644693e-37	1.26038203693834	0.136	0.05	5.44335801518797e-33	Ocupat-v02-G030500	Ocupat
1.1070621867587e-63	1.24288615034927	0.189	0.062	5.66051966711593e-59	Ocupat-v02-G006688	Ocupat
2.18898105050386e-41	1.24167984008232	0.171	0.067	1.11924790093313e-36	Ocupat-v02-G006060	Ocupat
1.14250974314835e-58	1.23992588397197	0.196	0.069	5.84176656769185e-54	Ocupat-v02-G005502	Ocupat
2.3643783045268e-29	1.23982576192249	0.119	0.046	1.2089302708876e-24	Ocupat-v02-G038958	Ocupat
1.49576834225915e-26	1.22672921474016	0.111	0.044	7.64801311080526e-22	Ocupat-v02-G019102	Ocupat
1.85965525003062e-40	1.22456297885518	0.121	0.04	9.50860325893157e-36	Ocupat-v02-G020243	Ocupat
3.64470017639971e-34	1.22402802439267	0.115	0.041	1.86357164719494e-29	Ocupat-v02-G025368	Ocupat
1.13935598237882e-08	1.20965909066355	0.105	0.172	0.000582564107350116	Ocupat-v02-G027406	Ocupat
4.30795649989339e-97	1.20040645608047	0.403	0.167	2.20270123796049e-92	Ocupat-v02-G007313	Ocupat
5.97891685647947e-79	1.19742514349904	0.236	0.079	3.05707997788652e-74	Ocupat-v02-G007659	Ocupat
5.73022296616258e-49	1.18814150327431	0.188	0.071	2.92992030482859e-44	Ocupat-v02-G002597	Ocupat
2.03649884367162e-48	1.1828985387361	0.18	0.067	1.04128222375774e-43	Ocupat-v02-G024449	Ocupat
4.80952249051791e-102	1.18226970075168	0.341	0.122	2.45915694462671e-97	Ocupat-v02-G017681	Ocupat
1.60178655913071e-56	1.17516490132431	0.174	0.058	8.19009485549124e-52	Ocupat-v02-G036390	Ocupat
1.66598412606772e-43	1.17374009869021	0.122	0.039	8.51834343499684e-39	Ocupat-v02-G019822	Ocupat
1.80734039995323e-63	1.16681394635528	0.284	0.118	9.24111219900085e-59	Ocupat-v02-G010299	Ocupat
7.04786026208514e-26	1.15853613756054	0.135	0.059	3.60364143060675e-21	Ocupat-v02-G035541	Ocupat
2.80731037232676e-72	1.15711300509856	0.333	0.142	1.4354058664744e-67	Ocupat-v02-G008415	Ocupat
9.02093585639108e-95	1.15060164433136	0.452	0.2	4.61249471273132e-90	Ocupat-v02-G010735	Ocupat
4.71602906894694e-55	1.15052407049654	0.187	0.066	2.41135282324326e-50	Ocupat-v02-G043329	Ocupat
6.61525910484674e-26	1.14958544492414	0.111	0.045	3.38244813289919e-21	Ocupat-orphan-8320	Ocupat
1.1031127122247e-32	1.14483213954662	0.134	0.053	5.64032560887613e-28	Ocupat-v02-G019623	Ocupat
2.03308547813497e-42	1.14391290472502	0.124	0.04	1.03953693582519e-37	Ocupat-v02-G016268	Ocupat
2.19178859766126e-40	1.13903320823534	0.189	0.079	1.12068342787018e-35	Ocupat-v02-G037897	Ocupat
1.70445767571768e-134	1.13695840534461	0.493	0.189	8.71506254171209e-130	Ocupat-v02-G020346	Ocupat
7.57122783831816e-130	1.13543694519504	0.966	0.822	3.87124450601046e-125	Ocupat-v02-G042352	Ocupat
2.0566065224562e-34	1.13543074145102	0.151	0.061	1.05156348099708e-29	Ocupat-v02-G017815	Ocupat
5.52618391175854e-52	1.13289308015591	0.183	0.066	2.82559309592126e-47	Ocupat-v02-G037284	Ocupat
9.3141926225863e-17	1.12581864797526	0.108	0.052	4.7624398298546e-12	Ocupat-v02-G000218	Ocupat
1.96394595468966e-44	1.1157820033418	0.162	0.06	1.00418520609237e-39	Ocupat-v02-G030942	Ocupat
1.5040794075246e-20	1.11198205885175	0.101	0.044	7.69050841861403e-16	Ocupat-v02-G000503	Ocupat
3.27776909433407e-32	1.11165060037107	0.164	0.072	1.67595611562396e-27	Ocupat-v02-G012776	Ocupat
4.72117637083902e-38	1.10575367789954	0.1	0.03	2.4139846901737e-33	Ocupat-v02-G036685	Ocupat
1.11661311687558e-30	1.10458938154162	0.117	0.044	5.70935452789651e-26	Ocupat-v02-G029520	Ocupat
1.29162653218098e-67	1.10037649845174	0.336	0.147	6.60421562169454e-63	Ocupat-v02-G025609	Ocupat
9.01253055153623e-51	1.09832371073725	0.189	0.071	4.60819699630599e-46	Ocupat-v02-G020433	Ocupat
1.65707980070249e-33	1.08288718428922	0.116	0.042	8.4728147289719e-29	Ocupat-v02-G005865	Ocupat
8.68293245686165e-41	1.06614267873103	0.152	0.057	4.43967019451793e-36	Ocupat-v02-G022163	Ocupat
8.34364844535684e-62	1.06553106870786	0.181	0.058	4.26619088659541e-57	Ocupat-v02-G034574	Ocupat
1.48014978728482e-27	1.06100512836153	0.121	0.049	7.56815387736601e-23	Ocupat-v02-G043839	Ocupat
9.83290654577819e-105	1.06068352252842	0.118	0.019	5.02766344592185e-100	Ocupat-v02-G004745	Ocupat
1.83868382028217e-84	1.05722588470973	0.264	0.089	9.40137424148475e-80	Ocupat-orphan-6781	Ocupat
7.32179218864631e-56	1.05333833468571	0.221	0.085	3.74370556397674e-51	Ocupat-v02-G028387	Ocupat
2.385773128048e-69	1.04577389640292	0.277	0.108	1.21986965810222e-64	Ocupat-v02-G019323	Ocupat
3.58254054111439e-48	1.04316882360407	0.145	0.048	1.8317888040772e-43	Ocupat-v02-G001993	Ocupat
2.5759429884457e-47	1.04022498005343	0.178	0.066	1.31710540942217e-42	Ocupat-v02-G031563	Ocupat
2.61069817110157e-102	1.03615302150071	0.434	0.18	1.33487608186594e-97	Ocupat-v02-G026304	Ocupat
7.97791896310818e-93	1.03557699341281	0.528	0.261	4.07918974502684e-88	Ocupat-v02-G004952	Ocupat
2.08472874849086e-36	1.03300680231958	0.115	0.039	1.06594265639086e-31	Ocupat-v02-G033387	Ocupat
6.60931066992321e-50	1.03140327531759	0.191	0.072	3.37940663863843e-45	Ocupat-v02-G019152	Ocupat
1.66186162442291e-59	1.03046699893084	0.212	0.077	8.49726467183676e-55	Ocupat-v02-G043183	Ocupat
1.70627125885344e-89	1.02691729545692	0.477	0.226	8.72433557364354e-85	Ocupat-v02-G024313	Ocupat
5.07810539620112e-85	1.02618831983164	0.406	0.178	2.5964860701316e-80	Ocupat-v02-G032928	Ocupat
1.4148610238266e-58	1.02452251505605	0.181	0.061	7.2343259009278e-54	Ocupat-v02-G010444	Ocupat
4.9435418930654e-42	1.0204515294092	0.137	0.047	2.52768240534327e-37	Ocupat-v02-G007769	Ocupat
6.86470318750457e-33	1.01384510714575	0.108	0.038	3.50999138680296e-28	Ocupat-v02-G041371	Ocupat
3.48291808209157e-33	1.01371739628086	0.168	0.072	1.78085084455424e-28	Ocupat-v02-G027114	Ocupat
1.73317141502668e-26	1.01201062276831	0.104	0.04	8.86187876217289e-22	Ocupat-v02-G034629	Ocupat
2.68464283464399e-35	1.00892951905723	0.122	0.044	1.37268472778182e-30	Ocupat-v02-G010396	Ocupat
2.66613737829751e-32	1.00400638677429	0.185	0.085	1.3632227028973e-27	Ocupat-v02-G011077	Ocupat
6.85244124325864e-69	1.0035131518526	0.336	0.144	3.50372173209058e-64	Ocupat-v02-G008102	Ocupat
0	8.51861386632618	0.657	0.008	0	g.TRINITY-GG-234-c97-g1-i22	Gast
1.7415675382041e-266	8.29673081236901	0.108	0	4.88666435544687e-262	g.TRINITY-GG-173-c808-g5-i1	Gast
0	8.15668126956579	0.677	0.007	0	g.TRINITY-GG-225-c53-g1-i2	Gast
0	7.86298149875957	0.434	0.006	0	g.TRINITY-GG-227-c1341-g1-i1	Gast
3.39026105831287e-194	7.69567994250748	0.126	0.005	9.51273350352009e-190	g.TRINITY-GG-94-c203-g1-i3	Gast
0	7.64898737486678	0.308	0.002	0	g.TRINITY-GG-238-c1035-g1-i9	Gast
3.55952064874555e-317	7.54423241556146	0.16	0.003	9.98765898831515e-313	g.TRINITY-GG-173-c1899-g1-i13	Gast
0	7.53504671445855	0.845	0.031	0	g.TRINITY-GG-207-c43-g1-i1	Gast
0	7.50490935698848	0.439	0.006	0	g.TRINITY-GG-225-c47-g1-i39	Gast
0	7.48352659662959	0.714	0.013	0	g.TRINITY-GG-150-c318-g1-i7	Gast
0	7.48082935023927	0.537	0.009	0	g.TRINITY-GG-176-c70-g1-i8	Gast
0	7.44790525123083	0.568	0.01	0	g.TRINITY-GG-173-c714-g1-i5	Gast
0	7.42586003671482	0.645	0.01	0	g.TRINITY-GG-238-c724-g1-i1	Gast
7.19725700085894e-285	7.34584027221421	0.117	0.001	2.01947834187101e-280	g.TRINITY-GG-24-c931-g1-i14	Gast
0	7.3372424615188	0.307	0.003	0	g.TRINITY-GG-77-c5-g1-i4	Gast
2.76117774814062e-226	7.27213450665511	0.102	0.001	7.74758864350776e-222	g.TRINITY-GG-170-c42-g1-i3	Gast
0	7.17915981635423	0.338	0.004	0	g.TRINITY-GG-24-c1-g1-i6	Gast
0	7.16012701381262	0.261	0.003	0	g.TRINITY-GG-150-c134-g1-i10	Gast
0	7.07768403161938	0.305	0.003	0	g.TRINITY-GG-77-c8-g1-i4	Gast
2.18170443337677e-169	7.03133910642587	0.105	0.003	6.12164446961188e-165	g.TRINITY-GG-173-c256-g1-i2	Gast
0	6.87840530539121	0.689	0.024	0	g.TRINITY-GG-127-c1241-g1-i2	Gast
0	6.86586799992802	0.233	0.004	0	g.TRINITY-GG-173-c495-g3-i1	Gast
0	6.78349081127237	0.254	0.005	0	g.TRINITY-GG-173-c79-g1-i2	Gast
0	6.73215961418333	0.236	0.003	0	g.TRINITY-GG-238-c158-g1-i5	Gast
0	6.5753166122099	0.314	0.006	0	g.TRINITY-GG-133-c310-g2-i10	Gast
7.37041539155433e-310	6.55621540095762	0.188	0.006	2.06806485471623e-305	g.TRINITY-GG-207-c125-g1-i12	Gast
0	6.54914255942292	0.503	0.021	0	g.TRINITY-GG-77-c5-g2-i1	Gast
0	6.45822323524868	0.349	0.008	0	g.TRINITY-GG-127-c3038-g1-i2	Gast
2.065404837428e-114	6.42882954851978	0.12	0.01	5.79531943333922e-110	g.TRINITY-GG-173-c2408-g2-i1	Gast
0	6.4175955387882	0.18	0.002	0	g.TRINITY-GG-24-c119-g1-i12	Gast
0	6.36832415284348	0.717	0.06	0	g.TRINITY-GG-130-c17-g1-i5	Gast
0	6.24485319817981	0.18	0.003	0	g.TRINITY-GG-150-c294-g1-i1	Gast
0	6.18613553990998	0.612	0.022	0	g.TRINITY-GG-130-c17-g3-i1	Gast
0	6.124334966405	0.188	0.003	0	g.TRINITY-GG-56-c35-g1-i10	Gast
0	6.04590232566462	0.203	0.004	0	g.TRINITY-GG-130-c1552-g1-i4	Gast
3.17190210519621e-275	6.03370652741696	0.141	0.003	8.90004011697005e-271	g.TRINITY-GG-238-c158-g3-i2	Gast
0	5.95914561376962	0.555	0.021	0	g.TRINITY-GG-238-c143-g4-i1	Gast
0	5.85619228429926	0.501	0.014	0	g.TRINITY-GG-24-c5437-g1-i1	Gast
5.70670182211473e-294	5.7460812469392	0.16	0.004	1.60124346426717e-289	g.TRINITY-GG-227-c5057-g1-i2	Gast
1.7217558140071e-314	5.52926635141055	0.188	0.006	4.83107463852252e-310	g.TRINITY-GG-225-c26-g1-i5	Gast
4.60734230560039e-186	5.46322030099246	0.108	0.003	1.29277417752841e-181	g.TRINITY-GG-94-c1857-g1-i2	Gast
3.09643277834567e-254	5.4452974648507	0.13	0.002	8.68828073276012e-250	g.TRINITY-GG-238-c305-g1-i1	Gast
4.77953954552977e-266	5.26378901367699	0.166	0.006	1.3410910010802e-261	g.TRINITY-GG-133-c1021-g2-i1	Gast
0	5.2558812566158	0.329	0.011	0	g.TRINITY-GG-94-c667-g1-i10	Gast
4.58536060214733e-258	5.21543815941259	0.162	0.005	1.28660633135652e-253	g.TRINITY-GG-176-c174-g2-i1	Gast
7.08383305029368e-268	5.19959453291484	0.166	0.005	1.9876527155819e-263	g.TRINITY-GG-176-c484-g1-i7	Gast
0	5.18607954903616	0.287	0.018	0	g.TRINITY-GG-71-c743-g3-i4	Gast
3.95252516672997e-323	5.16104984097615	0.243	0.012	1.10903903653276e-318	g.TRINITY-GG-94-c3035-g1-i2	Gast
3.92435764895247e-208	5.15148994090094	0.124	0.004	1.10113551271957e-203	g.TRINITY-GG-238-c1169-g2-i2	Gast
0	5.10422954903141	0.685	0.038	0	g.TRINITY-GG-133-c79-g1-i1	Gast
0	5.02559604816836	0.239	0.01	0	g.TRINITY-GG-176-c68-g2-i23	Gast
2.36952319237811e-257	4.97736951475339	0.177	0.007	6.64864512549374e-253	g.TRINITY-GG-127-c377-g1-i4	Gast
2.40032362001315e-273	4.77325709217421	0.167	0.005	6.73506804539491e-269	g.TRINITY-GG-234-c92-g6-i1	Gast
1.85028653492572e-151	4.73108863873824	0.109	0.005	5.19171898834809e-147	g.TRINITY-GG-133-c394-g1-i4	Gast
0	4.7113442593906	0.242	0.009	0	g.TRINITY-GG-225-c373-g1-i6	Gast
0	4.50436593826132	0.431	0.032	0	g.TRINITY-GG-176-c1262-g1-i13	Gast
3.65390156162374e-115	4.48288822276957	0.123	0.011	1.025248239176e-110	g.TRINITY-GG-130-c106-g3-i2	Gast
0	4.23104166578063	0.635	0.061	0	g.TRINITY-GG-133-c143-g1-i4	Gast
2.26422721772078e-194	4.1965071864213	0.145	0.007	6.35319515020272e-190	g.TRINITY-GG-127-c732-g2-i1	Gast
2.40558556515324e-213	4.15810542013275	0.195	0.013	6.74983253726347e-209	g.TRINITY-GG-6-c3205-g3-i2	Gast
4.74521978541603e-287	4.12585232948724	0.283	0.022	1.33146121958988e-282	g.TRINITY-GG-176-c147-g1-i4	Gast
4.04139288830551e-182	4.12039213205936	0.159	0.01	1.13397443052964e-177	g.TRINITY-GG-71-c243-g1-i5	Gast
1.46092400643303e-177	4.07022112266553	0.232	0.026	4.09920666965045e-173	g.TRINITY-GG-238-c1137-g4-i1	Gast
3.05958136369318e-111	3.92009054839425	0.104	0.007	8.5848793483867e-107	g.TRINITY-GG-127-c2266-g1-i2	Gast
1.43389517126252e-286	3.89351292475364	0.312	0.028	4.02336646104551e-282	g.TRINITY-GG-207-c1007-g1-i4	Gast
0	3.86138699088608	0.489	0.056	0	g.TRINITY-GG-173-c56-g1-i21	Gast
0	3.85219147157972	0.419	0.038	0	g.TRINITY-GG-71-c387-g1-i13	Gast
3.09085259860077e-155	3.84881653572587	0.126	0.007	8.6726233064139e-151	g.TRINITY-GG-150-c143-g1-i1	Gast
2.9259629246635e-251	3.80995193095829	0.152	0.005	8.20995937031332e-247	g.TRINITY-GG-234-c745-g1-i9	Gast
5.81681179543816e-138	3.79970193305293	0.124	0.008	1.63213922168199e-133	g.TRINITY-GG-238-c1067-g1-i3	Gast
1.16333438838883e-178	3.78759543476506	0.185	0.015	3.26419996038023e-174	g.TRINITY-GG-71-c275-g1-i29	Gast
0	3.78671551420358	0.347	0.03	0	g.TRINITY-GG-6-c1143-g1-i10	Gast
3.03665766576375e-162	3.77575407788994	0.177	0.016	8.5205577443665e-158	g.TRINITY-GG-133-c3600-g2-i1	Gast
1.72189499892587e-143	3.67474958435383	0.123	0.008	4.83146517748609e-139	g.TRINITY-GG-227-c101-g1-i3	Gast
7.43919185367268e-129	3.62995043521764	0.135	0.011	2.08736284222202e-124	g.TRINITY-GG-6-c3540-g2-i2	Gast
1.00382897318835e-171	3.610392928535	0.308	0.05	2.81664371586918e-167	g.TRINITY-GG-238-c236-g1-i15	Gast
1.49605503539062e-121	3.59206765651121	0.149	0.015	4.19778082380255e-117	g.TRINITY-GG-207-c675-g1-i3	Gast
0	3.56297950106373	0.539	0.068	0	g.TRINITY-GG-56-c819-g3-i1	Gast
1.58310633206299e-131	3.55888704684402	0.134	0.011	4.44203805713555e-127	g.TRINITY-GG-170-c2045-g1-i1	Gast
1.771598034162e-134	3.51806250935158	0.144	0.012	4.97092692405516e-130	g.TRINITY-GG-207-c134-g1-i11	Gast
1.73685379450153e-181	3.48384747187216	0.213	0.021	4.87343806199185e-177	g.TRINITY-GG-133-c451-g1-i15	Gast
1.32303755808145e-259	3.46294463968026	0.296	0.028	3.71231108422073e-255	g.TRINITY-GG-225-c64-g1-i4	Gast
4.91800773567819e-93	3.43811010183766	0.105	0.01	1.37994379055394e-88	g.TRINITY-GG-24-c229-g1-i2	Gast
2.60447210146368e-87	3.40599842667323	0.192	0.037	7.30788826949694e-83	g.TRINITY-GG-56-c485-g1-i2	Gast
2.505622505947e-101	3.3885217226928	0.117	0.011	7.03052618943669e-97	g.TRINITY-GG-24-c1758-g1-i1	Gast
4.50120722649817e-183	3.36177878014332	0.191	0.016	1.26299373568312e-178	g.TRINITY-GG-173-c432-g1-i11	Gast
7.42636449972124e-117	3.31500825553202	0.148	0.016	2.08376361497678e-112	g.TRINITY-GG-133-c780-g1-i2	Gast
1.06778504934561e-227	3.31000875839883	0.331	0.043	2.99609806995885e-223	g.TRINITY-GG-227-c19-g1-i12	Gast
1.40960325810962e-86	3.30168530563782	0.11	0.012	3.95520578192977e-82	g.TRINITY-GG-133-c1646-g2-i9	Gast
1.11066691813355e-185	3.28114084012611	0.372	0.068	3.11642030559093e-181	g.TRINITY-GG-176-c488-g1-i1	Gast
2.49654275100059e-142	3.27678649153882	0.171	0.017	7.00504930503256e-138	g.TRINITY-GG-56-c1526-g2-i1	Gast
5.10138582808688e-132	3.19427687507778	0.146	0.013	1.4313978495029e-127	g.TRINITY-GG-6-c1483-g1-i3	Gast
1.80643476927869e-134	3.16933243996003	0.196	0.025	5.06867531911908e-130	g.TRINITY-GG-173-c509-g1-i23	Gast
7.27535907344448e-167	3.10176593085674	0.235	0.028	2.04139300241779e-162	g.TRINITY-GG-173-c309-g2-i1	Gast
1.04221106502204e-151	3.06809892550184	0.278	0.045	2.92434002734533e-147	g.TRINITY-GG-94-c520-g1-i2	Gast
3.43587373029961e-73	3.05782597786611	0.123	0.018	9.64071809984766e-69	g.TRINITY-GG-56-c6201-g2-i3	Gast
9.0538499961782e-234	3.04432816315803	0.671	0.2	2.54041977042764e-229	g.TRINITY-GG-71-c70-g2-i19	Gast
9.20462056420032e-157	3.029756769154	0.296	0.05	2.58272448410897e-152	g.TRINITY-GG-24-c189-g1-i31	Gast
3.40909126030958e-100	3.01325216825584	0.153	0.02	9.56556916730264e-96	g.TRINITY-GG-71-c247-g1-i25	Gast
4.73503270943816e-112	2.92269557115628	0.217	0.037	1.32860282794125e-107	g.TRINITY-GG-150-c2321-g1-i1	Gast
3.7524208641925e-126	2.92197327818944	0.188	0.024	1.05289177028377e-121	g.TRINITY-GG-133-c566-g3-i1	Gast
6.20265237101567e-108	2.91617084081307	0.163	0.021	1.74040222878329e-103	g.TRINITY-GG-227-c103-g1-i20	Gast
9.37663169636841e-80	2.88200550074177	0.106	0.012	2.63098908768401e-75	g.TRINITY-GG-173-c1507-g2-i4	Gast
4.40834843545633e-132	2.85689431590048	0.34	0.076	1.23693848750469e-127	g.TRINITY-GG-170-c768-g1-i9	Gast
1.36788322676945e-137	2.83838861469915	0.213	0.028	3.83814354599241e-133	g.TRINITY-GG-127-c126-g1-i2	Gast
3.6664963158152e-71	2.79509816299504	0.151	0.027	1.02878220125459e-66	g.TRINITY-GG-238-c72-g1-i2	Gast
3.84393928404487e-50	2.78729281100817	0.109	0.02	1.07857092371015e-45	g.TRINITY-GG-150-c331-g2-i1	Gast
2.2106271316286e-151	2.78320816447189	0.275	0.044	6.20279866863669e-147	g.TRINITY-GG-127-c1352-g3-i1	Gast
2.96639218464297e-84	2.76424276111153	0.162	0.027	8.3233998308897e-80	g.TRINITY-GG-127-c186-g2-i10	Gast
7.40606262240278e-65	2.7577459848621	0.116	0.018	2.07806711122e-60	g.TRINITY-GG-176-c309-g10-i1	Gast
2.48177199431428e-78	2.75093850762744	0.133	0.019	6.96360403884643e-74	g.TRINITY-GG-173-c519-g2-i2	Gast
3.21595424561533e-177	2.746515339415	0.355	0.064	9.02364601777206e-173	g.TRINITY-GG-133-c72-g3-i1	Gast
4.98724514841015e-198	2.74402663027663	0.218	0.019	1.39937111619241e-193	g.TRINITY-GG-127-c136-g2-i20	Gast
1.66507974025036e-41	2.73286898429138	0.174	0.054	4.67204724316848e-37	g.TRINITY-GG-95-c214-g1-i7	Gast
8.54833234270639e-88	2.72410714165534	0.156	0.024	2.39857657203999e-83	g.TRINITY-GG-71-c688-g1-i1	Gast
2.237488533306e-67	2.68609822896661	0.127	0.021	6.27816907560331e-63	g.TRINITY-GG-127-c2151-g2-i1	Gast
3.55131200268182e-52	2.66659540113617	0.102	0.017	9.96462634832492e-48	g.TRINITY-GG-176-c598-g4-i2	Gast
1.85770992706092e-172	2.61887919299828	0.439	0.101	5.21254828434022e-168	g.TRINITY-GG-56-c354-g1-i11	Gast
4.66822432003447e-127	2.56627777164487	0.323	0.071	1.30985706195847e-122	g.TRINITY-GG-227-c198-g1-i2	Gast
1.11726236203572e-68	2.56619489462202	0.153	0.029	3.13492646163604e-64	g.TRINITY-GG-173-c187-g1-i11	Gast
4.54987151164589e-79	2.53951667206806	0.144	0.022	1.27664844745272e-74	g.TRINITY-GG-238-c4573-g1-i11	Gast
3.69770002078028e-197	2.53790700268457	0.392	0.069	1.03753764883074e-192	g.TRINITY-GG-71-c173-g1-i1	Gast
3.98848062482533e-84	2.52270509403269	0.174	0.031	1.11912777851974e-79	g.TRINITY-GG-234-c348-g1-i3	Gast
5.23220735415623e-90	2.50998529593304	0.273	0.068	1.4681050615027e-85	g.TRINITY-GG-173-c83-g1-i1	Gast
8.56882931575617e-187	2.45458731554172	0.63	0.206	2.40432781770803e-182	g.TRINITY-GG-127-c267-g1-i11	Gast
3.37540061744073e-50	2.45397577310837	0.112	0.021	9.47103659247694e-46	g.TRINITY-GG-225-c117-g1-i1	Gast
9.6260860013832e-121	2.4298218983924	0.302	0.064	2.70098347112811e-116	g.TRINITY-GG-95-c298-g1-i5	Gast
1.11026391780894e-117	2.42942995731154	0.271	0.053	3.11528952698011e-113	g.TRINITY-GG-150-c158-g2-i12	Gast
8.79028666340661e-124	2.42674773184999	0.343	0.081	2.46646653488526e-119	g.TRINITY-GG-127-c838-g1-i12	Gast
1.43234623987074e-58	2.40899836204536	0.141	0.028	4.01902031445331e-54	g.TRINITY-GG-150-c1082-g1-i2	Gast
1.70773258719474e-44	2.36265273507049	0.124	0.028	4.79172686640972e-40	g.TRINITY-GG-173-c606-g1-i5	Gast
2.24131507325877e-111	2.35669670408445	0.257	0.05	6.28890596405679e-107	g.TRINITY-GG-94-c255-g2-i1	Gast
3.12913045879351e-46	2.34751338235512	0.11	0.022	8.78002715432871e-42	g.TRINITY-GG-225-c210-g1-i3	Gast
1.61355294786509e-64	2.3395813530432	0.21	0.054	4.52746821641467e-60	g.TRINITY-GG-94-c1452-g2-i1	Gast
9.24899798269241e-251	2.33520291763365	0.595	0.13	2.59517634396366e-246	g.TRINITY-GG-225-c16-g1-i3	Gast
1.30695710945919e-93	2.29023197741525	0.213	0.041	3.66719095343154e-89	g.TRINITY-GG-56-c148-g1-i4	Gast
2.01636971513537e-57	2.29008252489987	0.152	0.033	5.65773178369834e-53	g.TRINITY-GG-133-c71-g1-i1	Gast
1.9567361215676e-274	2.25700742585687	0.655	0.145	5.49040588350654e-270	g.TRINITY-GG-225-c273-g1-i1	Gast
3.26492981756196e-276	2.25134082042292	0.823	0.274	9.16106657509712e-272	g.TRINITY-GG-111-c1-g1-i16	Gast
2.94908649653569e-56	2.22290949632777	0.159	0.036	8.27484180062949e-52	g.TRINITY-GG-173-c139-g1-i10	Gast
2.30009017149587e-183	2.21464180912584	0.653	0.219	6.45382301220025e-179	g.TRINITY-GG-6-c634-g1-i2	Gast
6.83509215146383e-119	2.1796846511077	0.528	0.193	1.91785850677924e-114	g.TRINITY-GG-76-c2-g1-i23	Gast
2.40313735728016e-58	2.13983808697361	0.123	0.022	6.7429631107924e-54	g.TRINITY-GG-173-c191-g1-i13	Gast
6.15419663981914e-37	2.10204650899445	0.117	0.029	1.72680603516685e-32	g.TRINITY-GG-173-c1754-g1-i19	Gast
8.28960796308133e-76	2.0981668516978	0.41	0.163	2.32598109836099e-71	g.TRINITY-GG-127-c2571-g1-i1	Gast
1.15755232080102e-59	2.09481967767883	0.244	0.074	3.24797605693557e-55	g.TRINITY-GG-234-c732-g1-i1	Gast
1.14893555829033e-39	2.07601779498706	0.116	0.027	3.22379828300684e-35	g.TRINITY-GG-130-c2140-g2-i1	Gast
2.71242669144316e-96	2.07155167471231	0.344	0.096	7.61079805352036e-92	g.TRINITY-GG-6-c324-g1-i10	Gast
2.0455305254041e-41	2.07125522499085	0.119	0.027	5.73955410123136e-37	g.TRINITY-GG-6-c227-g1-i16	Gast
6.40064784945524e-139	2.05693398059862	0.454	0.125	1.79595778007864e-134	g.TRINITY-GG-95-c168-g1-i3	Gast
2.21120681874832e-59	2.05233560661838	0.146	0.03	6.20442521272592e-55	g.TRINITY-GG-234-c82-g2-i1	Gast
9.19373002929239e-36	2.0439626167885	0.141	0.041	2.57966870891915e-31	g.TRINITY-GG-130-c249-g1-i2	Gast
2.90108851577682e-81	2.03603051673457	0.294	0.083	8.14016426641817e-77	g.TRINITY-GG-238-c187-g2-i1	Gast
1.2752682267096e-18	2.02271553138586	0.127	0.051	3.57827511732446e-14	g.TRINITY-GG-176-c1046-g1-i6	Gast
1.54326536275649e-52	2.01615672103188	0.119	0.022	4.33024828135843e-48	g.TRINITY-GG-127-c840-g1-i4	Gast
7.51477354276873e-41	2.00314494176727	0.157	0.045	2.10857030836548e-36	g.TRINITY-GG-238-c391-g1-i8	Gast
1.22387376655777e-88	2.00167498181218	0.419	0.149	3.43406740158445e-84	g.TRINITY-GG-71-c113-g1-i14	Gast
1.8579400852163e-63	1.99589979301133	0.215	0.056	5.21319408510843e-59	g.TRINITY-GG-176-c565-g1-i5	Gast
5.63043795629388e-38	1.98139281201736	0.123	0.031	1.5798445861565e-33	g.TRINITY-GG-173-c341-g1-i15	Gast
7.51749027688815e-48	1.97518639845775	0.186	0.054	2.10933259679205e-43	g.TRINITY-GG-94-c3464-g1-i3	Gast
6.85938285962773e-78	1.97393486554528	0.315	0.097	1.92467423658295e-73	g.TRINITY-GG-95-c87-g1-i2	Gast
2.63659413001124e-54	1.97310898478552	0.155	0.035	7.39801946939853e-50	g.TRINITY-GG-170-c57-g2-i1	Gast
4.73470185510111e-101	1.94012988590155	0.417	0.134	1.32850999352282e-96	g.TRINITY-GG-173-c49-g1-i27	Gast
3.82125488659671e-44	1.9315830686148	0.185	0.056	1.07220590863017e-39	g.TRINITY-GG-6-c238-g3-i3	Gast
1.92335401938262e-53	1.92457543856489	0.134	0.027	5.39673904298569e-49	g.TRINITY-GG-176-c561-g1-i19	Gast
3.8212133988806e-24	1.92159117199802	0.137	0.05	1.07219426759191e-19	g.TRINITY-GG-56-c215-g2-i1	Gast
5.36009995676121e-45	1.91413044723094	0.162	0.044	1.50399044686763e-40	g.TRINITY-GG-176-c1088-g1-i1	Gast
1.80727302797248e-45	1.88989150643022	0.133	0.031	5.07102738918798e-41	g.TRINITY-GG-56-c116-g3-i1	Gast
3.98358695891619e-35	1.88465222744034	0.156	0.049	1.11775466480229e-30	g.TRINITY-GG-130-c236-g2-i1	Gast
2.75408257275755e-105	1.87767180433877	0.338	0.085	7.72768029090041e-101	g.TRINITY-GG-176-c1528-g1-i1	Gast
3.04261845730428e-37	1.86907810527221	0.119	0.029	8.53728312935008e-33	g.TRINITY-GG-176-c459-g1-i13	Gast
2.2670738064335e-33	1.8599906573907	0.122	0.033	6.36118239347177e-29	g.TRINITY-GG-94-c126-g2-i1	Gast
4.67469190528513e-24	1.85144623024925	0.153	0.059	1.31167180170395e-19	g.TRINITY-GG-6-c122-g2-i1	Gast
2.7154359137844e-37	1.83544356926472	0.144	0.04	7.61924163048764e-33	g.TRINITY-GG-130-c2726-g1-i1	Gast
5.40827086975232e-44	1.82862263874575	0.174	0.05	1.5175067233438e-39	g.TRINITY-GG-56-c362-g2-i2	Gast
1.30580585767182e-85	1.820028340018	0.401	0.138	3.66396065604135e-81	g.TRINITY-GG-238-c559-g1-i11	Gast
7.54994287144541e-37	1.80918178533318	0.14	0.039	2.11843847029887e-32	g.TRINITY-GG-6-c614-g1-i7	Gast
1.37215427553036e-27	1.80427956294512	0.126	0.04	3.85012768171064e-23	g.TRINITY-GG-94-c291-g1-i10	Gast
1.14293450436375e-31	1.78858408227471	0.101	0.025	3.20695992579425e-27	g.TRINITY-GG-95-c965-g2-i8	Gast
1.1092718509059e-54	1.78597348304301	0.256	0.083	3.11250588645686e-50	g.TRINITY-GG-127-c1505-g1-i1	Gast
1.41943461902158e-64	1.78073283952472	0.265	0.079	3.98279159751264e-60	g.TRINITY-GG-227-c100-g1-i6	Gast
3.08281075985626e-28	1.75722092704012	0.108	0.03	8.65005871108069e-24	g.TRINITY-GG-94-c51-g2-i4	Gast
1.74362989888486e-121	1.7512670639349	0.537	0.186	4.89245113328102e-117	g.TRINITY-GG-95-c154-g1-i10	Gast
3.95608376679417e-45	1.74757637028112	0.157	0.041	1.11003754412478e-40	g.TRINITY-GG-176-c618-g1-i7	Gast
1.33108813245176e-72	1.74313501496923	0.383	0.14	3.7349001908464e-68	g.TRINITY-GG-130-c56-g2-i5	Gast
1.74346067216324e-33	1.74186837784963	0.225	0.09	4.89197630002285e-29	g.TRINITY-GG-56-c63-g1-i17	Gast
1.2563367288252e-49	1.73567473155005	0.206	0.061	3.52515522741062e-45	g.TRINITY-GG-24-c23-g1-i21	Gast
1.17284781739503e-58	1.73395931512196	0.289	0.098	3.29089369082872e-54	g.TRINITY-GG-56-c182-g2-i1	Gast
1.71721077247462e-26	1.70706871745235	0.24	0.113	4.81832170648653e-22	g.TRINITY-GG-176-c249-g1-i9	Gast
3.89375413924781e-72	1.70479749061977	0.352	0.121	1.09254847393154e-67	g.TRINITY-GG-56-c27-g3-i1	Gast
3.3407170824016e-107	1.70105884890055	0.564	0.226	9.37371806151065e-103	g.TRINITY-GG-225-c114-g1-i1	Gast
2.97497171266659e-41	1.67727085697697	0.209	0.071	8.34747312857118e-37	g.TRINITY-GG-127-c44-g2-i3	Gast
1.44091849334034e-107	1.66202806173982	0.635	0.288	4.04307320046367e-103	g.TRINITY-GG-95-c35-g2-i5	Gast
6.91275450504527e-19	1.66064916483939	0.106	0.038	1.93964978657065e-14	g.TRINITY-GG-95-c1254-g1-i1	Gast
9.00571954706996e-33	1.66025014024617	0.148	0.046	2.52691484771236e-28	g.TRINITY-GG-133-c1458-g1-i4	Gast
1.6921307951451e-48	1.65849774500245	0.283	0.106	4.74794979809763e-44	g.TRINITY-GG-238-c62-g1-i8	Gast
2.31340249964048e-31	1.65813302394127	0.256	0.115	6.49117607374121e-27	g.TRINITY-GG-71-c45-g1-i1	Gast
4.55355239253104e-29	1.64960455748034	0.126	0.038	1.27768126582028e-24	g.TRINITY-GG-234-c50-g2-i10	Gast
1.59501751442569e-51	1.6464717072914	0.188	0.051	4.47545964372704e-47	g.TRINITY-GG-127-c331-g2-i2	Gast
1.82830916437536e-72	1.64449299132447	0.464	0.196	5.13005268432081e-68	g.TRINITY-GG-238-c679-g3-i1	Gast
9.23701059196846e-79	1.6331392421359	0.446	0.174	2.59181280200043e-74	g.TRINITY-GG-150-c1238-g1-i79	Gast
2.64064953049888e-133	1.62745630989286	0.548	0.172	7.40939851762682e-129	g.TRINITY-GG-227-c231-g3-i1	Gast
1.74218565280519e-11	1.6233914178146	0.106	0.05	4.88839872320608e-07	g.TRINITY-GG-24-c442-g3-i2	Gast
5.87785575932601e-42	1.61999840936256	0.186	0.058	1.64926754750928e-37	g.TRINITY-GG-56-c50-g1-i3	Gast
2.13913549538903e-29	1.61314594354074	0.141	0.046	6.00220028651209e-25	g.TRINITY-GG-71-c1400-g1-i1	Gast
2.71932943284241e-49	1.61192393721464	0.381	0.173	7.63016645561253e-45	g.TRINITY-GG-133-c55-g1-i5	Gast
3.39638737731729e-24	1.60228649528604	0.133	0.047	9.52992334201459e-20	g.TRINITY-GG-176-c119-g1-i29	Gast
2.02471274641918e-54	1.5946728305419	0.231	0.069	5.68114149517757e-50	g.TRINITY-GG-227-c203-g1-i10	Gast
1.22274905702219e-73	1.59271491260451	0.555	0.272	3.43091157909855e-69	g.TRINITY-GG-127-c430-g2-i12	Gast
4.68598661119455e-42	1.58972700434531	0.204	0.067	1.31484098323508e-37	g.TRINITY-GG-150-c207-g1-i11	Gast
3.06440998456881e-38	1.58924112273296	0.166	0.051	8.59842797570163e-34	g.TRINITY-GG-173-c161-g1-i13	Gast
1.87302137785463e-55	1.58826538560098	0.343	0.135	5.25551068412232e-51	g.TRINITY-GG-76-c3-g1-i18	Gast
4.63566014383439e-39	1.58750247346739	0.195	0.064	1.30071987975849e-34	g.TRINITY-GG-150-c212-g2-i1	Gast
9.77475776509982e-84	1.58188534010747	0.511	0.216	2.74269928130936e-79	g.TRINITY-GG-173-c599-g1-i114	Gast
1.10792848691127e-24	1.57981718978484	0.116	0.037	3.10873654142434e-20	g.TRINITY-GG-238-c7789-g1-i14	Gast
2.39184597036555e-33	1.57360106996331	0.188	0.067	6.71128060824869e-29	g.TRINITY-GG-6-c1538-g1-i2	Gast
3.71463455204588e-36	1.55338057572739	0.196	0.069	1.04228930895855e-31	g.TRINITY-GG-173-c1470-g1-i2	Gast
4.17150816104901e-18	1.55335824420494	0.101	0.036	1.17048347490874e-13	g.TRINITY-GG-234-c309-g1-i2	Gast
2.64043140540929e-83	1.55149927591052	0.535	0.234	7.40878648043794e-79	g.TRINITY-GG-150-c275-g1-i3	Gast
1.29241235566121e-58	1.5488514910434	0.461	0.22	3.62637982874978e-54	g.TRINITY-GG-133-c16-g1-i31	Gast
2.05253039325779e-25	1.53027060249829	0.101	0.029	5.75919503044203e-21	g.TRINITY-GG-173-c1937-g4-i1	Gast
1.4913874486786e-28	1.52781787857452	0.336	0.181	4.1846840422473e-24	g.TRINITY-GG-133-c106-g2-i1	Gast
4.31290969555233e-42	1.52176076526597	0.239	0.086	1.21015933147503e-37	g.TRINITY-GG-127-c805-g1-i1	Gast
1.25443486191591e-43	1.52119674935384	0.24	0.085	3.51981877904985e-39	g.TRINITY-GG-6-c42-g1-i16	Gast
4.88336657830738e-91	1.51865814034333	0.601	0.28	1.37022382820727e-86	g.TRINITY-GG-133-c41-g1-i1	Gast
1.9735177147711e-44	1.51447476823036	0.151	0.039	5.53749335587622e-40	g.TRINITY-GG-234-c143-g1-i1	Gast
1.10039550214355e-33	1.50136815210845	0.169	0.056	3.0875997394646e-29	g.TRINITY-GG-127-c580-g4-i1	Gast
3.23384707912264e-13	1.50125101832962	0.104	0.044	9.07385151931023e-09	g.TRINITY-GG-238-c67-g6-i1	Gast
1.01666508585439e-51	1.49313220204449	0.26	0.088	2.85266056439883e-47	g.TRINITY-GG-71-c117-g1-i4	Gast
3.35366841869647e-39	1.47347652491123	0.182	0.057	9.41005821602042e-35	g.TRINITY-GG-227-c56-g1-i23	Gast
1.21077140757361e-22	1.45905969543062	0.435	0.287	3.39730349251079e-18	g.TRINITY-GG-133-c36-g1-i19	Gast
2.3411887083961e-26	1.45692651828676	0.142	0.049	6.56914139688861e-22	g.TRINITY-GG-56-c538-g1-i15	Gast
2.1786010578618e-95	1.45523533878279	0.369	0.105	6.11293670825442e-91	g.TRINITY-GG-127-c1057-g1-i47	Gast
2.01036779712822e-22	1.44212222183192	0.144	0.055	5.64089100196206e-18	g.TRINITY-GG-240-c14-g1-i11	Gast
2.97834066618103e-22	1.42147733228485	0.104	0.033	8.35692607523734e-18	g.TRINITY-GG-127-c640-g1-i1	Gast
1.55966258646736e-46	1.4208317426383	0.36	0.162	4.37625725136876e-42	g.TRINITY-GG-95-c103-g1-i3	Gast
3.8639531052602e-42	1.40792046476036	0.282	0.112	1.08418660180496e-37	g.TRINITY-GG-133-c272-g3-i1	Gast
8.18576845291577e-30	1.4042738522849	0.209	0.084	2.29684477020364e-25	g.TRINITY-GG-24-c567-g1-i5	Gast
4.6510754351593e-30	1.40299825399624	0.151	0.049	1.30504525635135e-25	g.TRINITY-GG-176-c7727-g1-i2	Gast
8.17706904071004e-40	1.3998811060501	0.236	0.087	2.29440380213283e-35	g.TRINITY-GG-94-c196-g1-i1	Gast
7.37696770494738e-81	1.39766161573469	0.599	0.295	2.06990336833119e-76	g.TRINITY-GG-170-c82-g1-i1	Gast
4.76792466795794e-27	1.39216207306855	0.145	0.05	1.33783198258232e-22	g.TRINITY-GG-94-c313-g1-i18	Gast
1.31907957315263e-50	1.38752919237201	0.309	0.117	3.70120537430896e-46	g.TRINITY-GG-76-c45-g1-i7	Gast
1.39014876860932e-17	1.38022749183957	0.104	0.038	3.90061842984088e-13	g.TRINITY-GG-238-c1053-g1-i13	Gast
2.02368373425287e-31	1.3790065428163	0.294	0.141	5.67825418994013e-27	g.TRINITY-GG-130-c136-g2-i2	Gast
4.86744033528913e-31	1.37673868841153	0.164	0.056	1.36575508367878e-26	g.TRINITY-GG-127-c337-g1-i7	Gast
9.67976314810876e-41	1.37423354544821	0.261	0.1	2.71604474172784e-36	g.TRINITY-GG-176-c194-g1-i2	Gast
1.98570465638594e-18	1.3682130159477	0.163	0.074	5.5716886953533e-14	g.TRINITY-GG-227-c748-g1-i3	Gast
3.03569215014045e-20	1.36797591816229	0.127	0.048	8.5178486040791e-16	g.TRINITY-GG-238-c319-g1-i11	Gast
2.99098183376496e-16	1.36517795190283	0.108	0.042	8.39239592736111e-12	g.TRINITY-GG-176-c10409-g1-i1	Gast
1.14189792260544e-52	1.36111510298258	0.425	0.196	3.2040513810386e-48	g.TRINITY-GG-56-c73-g1-i1	Gast
5.5205058051787e-47	1.35226230083575	0.253	0.088	1.54899872387509e-42	g.TRINITY-GG-240-c3-g1-i10	Gast
1.92955436426522e-14	1.35165747430846	0.102	0.042	5.41413659069179e-10	g.TRINITY-GG-133-c465-g1-i1	Gast
3.68476881936954e-25	1.35095093799418	0.26	0.128	1.0339092830269e-20	g.TRINITY-GG-150-c26-g1-i13	Gast
1.07245311239867e-69	1.34245960360741	0.532	0.247	3.00919618807943e-65	g.TRINITY-GG-238-c206-g1-i28	Gast
1.85206434632911e-34	1.33775124866145	0.195	0.069	5.19670734936485e-30	g.TRINITY-GG-127-c116-g1-i5	Gast
5.09066817123331e-30	1.33679355726778	0.181	0.066	1.42839058216636e-25	g.TRINITY-GG-238-c2880-g1-i2	Gast
3.28924300918132e-16	1.32561006016966	0.104	0.04	9.22928695946187e-12	g.TRINITY-GG-24-c178-g1-i1	Gast
4.6802257609656e-58	1.3218960203999	0.483	0.232	1.31322454626934e-53	g.TRINITY-GG-6-c131-g2-i1	Gast
2.2643443292389e-22	1.31985144499985	0.157	0.064	6.35352375341143e-18	g.TRINITY-GG-130-c121-g1-i30	Gast
8.24298073523103e-21	1.31829908598996	0.102	0.034	2.31289796449847e-16	g.TRINITY-GG-6-c4533-g1-i14	Gast
3.32678138467962e-22	1.31785818761978	0.119	0.041	9.33461588727255e-18	g.TRINITY-GG-127-c8-g2-i4	Gast
9.01198429483629e-18	1.31391144681696	0.123	0.049	2.52867267328812e-13	g.TRINITY-GG-6-c59-g7-i3	Gast
8.88624339515713e-16	1.31085056610614	0.105	0.041	2.49339103424714e-11	g.TRINITY-GG-150-c3244-g1-i1	Gast
1.07751931839706e-36	1.31021056849141	0.253	0.101	3.02341145549032e-32	g.TRINITY-GG-76-c25-g5-i1	Gast
2.61048397034467e-23	1.30795525104172	0.211	0.097	7.3247569723901e-19	g.TRINITY-GG-238-c51-g1-i1	Gast
1.27782928273093e-21	1.30752620572629	0.146	0.058	3.58546118441473e-17	g.TRINITY-GG-225-c114-g1-i9	Gast
6.56641616691616e-51	1.3005257444435	0.322	0.124	1.84247071227501e-46	g.TRINITY-GG-173-c238-g2-i1	Gast
1.10435066804851e-29	1.29769313427677	0.233	0.1	3.0986975394773e-25	g.TRINITY-GG-173-c273-g1-i10	Gast
1.33861117124027e-34	1.29290384916485	0.261	0.11	3.75600908538307e-30	g.TRINITY-GG-56-c380-g1-i1	Gast
1.61938713385908e-17	1.2913469015736	0.104	0.038	4.54383835889519e-13	g.TRINITY-GG-71-c40-g2-i1	Gast
2.18940815440699e-40	1.28552792019288	0.267	0.105	6.14326034045056e-36	g.TRINITY-GG-24-c260-g1-i10	Gast
2.9029063493457e-51	1.2694757342918	0.529	0.28	8.14526492562909e-47	g.TRINITY-GG-127-c1099-g1-i15	Gast
2.75025374186223e-25	1.26105851537973	0.249	0.118	7.71693697429123e-21	g.TRINITY-GG-76-c35-g2-i9	Gast
3.88850083441493e-15	1.26045488976094	0.109	0.044	1.09107444912848e-10	g.TRINITY-GG-56-c1311-g1-i1	Gast
3.97052152641018e-21	1.25943266134412	0.112	0.038	1.11408863509543e-16	g.TRINITY-GG-94-c32-g1-i1	Gast
3.84923595572913e-19	1.25739956008175	0.122	0.046	1.08005711681804e-14	g.TRINITY-GG-24-c212-g1-i5	Gast
1.48712593560157e-31	1.22667002042498	0.135	0.041	4.17272666270445e-27	g.TRINITY-GG-176-c380-g1-i2	Gast
3.54626115270125e-32	1.22129200717132	0.428	0.252	9.95045416836445e-28	g.TRINITY-GG-150-c2252-g1-i6	Gast
7.30747961595404e-24	1.21418619430177	0.196	0.085	2.05040570544054e-19	g.TRINITY-GG-176-c242-g3-i1	Gast
1.12850459333338e-41	1.21417951542126	0.338	0.15	3.16647103843413e-37	g.TRINITY-GG-173-c537-g1-i47	Gast
1.13342175325656e-41	1.21269537620207	0.41	0.204	3.18026809746258e-37	g.TRINITY-GG-238-c43-g1-i17	Gast
1.63800323410577e-20	1.20675946443131	0.137	0.053	4.59607327457737e-16	g.TRINITY-GG-127-c324-g1-i4	Gast
5.69870626511074e-20	1.20665659084347	0.18	0.081	1.59899999092742e-15	g.TRINITY-GG-176-c180-g1-i15	Gast
1.27635613287066e-40	1.20523102340457	0.296	0.121	3.58132767322179e-36	g.TRINITY-GG-234-c81-g3-i1	Gast
1.24322346281135e-14	1.19879267294604	0.101	0.04	3.48836071430236e-10	g.TRINITY-GG-71-c222-g1-i20	Gast
1.10760193160773e-116	1.19861189732968	0.756	0.36	3.10782025989812e-112	g.TRINITY-GG-6-c14277-g1-i1	Gast
3.84404637110408e-30	1.19165418822849	0.211	0.084	1.07860097126809e-25	g.TRINITY-GG-71-c12-g1-i2	Gast
2.78795200234575e-19	1.18510694717688	0.293	0.168	7.82271452338195e-15	g.TRINITY-GG-95-c395-g2-i10	Gast
8.7188922971931e-22	1.18322298413574	0.133	0.049	2.44643398966941e-17	g.TRINITY-GG-173-c297-g1-i16	Gast
1.31152189094013e-20	1.17768305798658	0.122	0.044	3.67999927378891e-16	g.TRINITY-GG-24-c373-g6-i1	Gast
5.75896994194565e-41	1.17143918287341	0.338	0.15	1.61590937601053e-36	g.TRINITY-GG-95-c450-g1-i13	Gast
4.29904259708532e-17	1.15974694978844	0.224	0.119	1.20626836231617e-12	g.TRINITY-GG-238-c217-g1-i15	Gast
1.04834266965176e-22	1.15447609612939	0.182	0.078	2.94154469677588e-18	g.TRINITY-GG-133-c272-g3-i13	Gast
1.58601305764901e-22	1.15383538166027	0.286	0.152	4.45019403845735e-18	g.TRINITY-GG-127-c80-g5-i1	Gast
2.66433614187710e-13	1.14641996644119	0.227	0.133	7.47586078049297e-09	g.TRINITY-GG-94-c338-g1-i2	Gast
1.80732202222562e-12	1.14195505406957	0.113	0.052	5.07116486216287e-08	g.TRINITY-GG-6-c696-g1-i11	Gast
7.06889873381682e-13	1.14075488301142	0.108	0.047	1.98346229572166e-08	g.TRINITY-GG-94-c744-g3-i1	Gast
7.48422422279496e-14	1.13836954526827	0.119	0.053	2.09999847467404e-09	g.TRINITY-GG-6-c890-g1-i3	Gast
2.66310834589733e-20	1.13675241850597	0.169	0.073	7.47241570775333e-16	g.TRINITY-GG-130-c255-g3-i1	Gast
4.01890737308533e-19	1.12957622373399	0.148	0.062	1.12766521981401e-14	g.TRINITY-GG-94-c295-g2-i4	Gast
2.68519371237269e-21	1.11442574304604	0.146	0.057	7.53438503754653e-17	g.TRINITY-GG-173-c209-g1-i3	Gast
5.12097836133693e-37	1.10579065297947	0.453	0.249	1.43689531840753e-32	g.TRINITY-GG-227-c403-g1-i11	Gast
2.35680031178207e-18	1.10244699480156	0.153	0.066	6.61294599482931e-14	g.TRINITY-GG-176-c13-g1-i4	Gast
1.62232214410317e-22	1.1016210045958	0.2	0.09	4.55207370413909e-18	g.TRINITY-GG-173-c350-g1-i21	Gast
1.71693233962448e-24	1.10061713945456	0.344	0.192	4.81754045175232e-20	g.TRINITY-GG-95-c34-g3-i1	Gast
2.68453198396142e-13	1.0972255439362	0.148	0.073	7.53252829379734e-09	g.TRINITY-GG-130-c587-g1-i4	Gast
4.02366142310353e-35	1.08828123892554	0.493	0.293	1.12899915870862e-30	g.TRINITY-GG-238-c204-g1-i4	Gast
1.81771466467396e-23	1.08074156951636	0.166	0.066	5.10032557760866e-19	g.TRINITY-GG-127-c1248-g4-i2	Gast
7.73875444251544e-12	1.07978336952803	0.11	0.05	2.17141710902541e-07	g.TRINITY-GG-95-c1474-g3-i1	Gast
8.21116416369421e-27	1.07791060894248	0.331	0.176	2.30397055269096e-22	g.TRINITY-GG-14-c4-g1-i27	Gast
9.66435447015896e-33	1.07457817334202	0.344	0.169	2.7117212207819e-28	g.TRINITY-GG-238-c4745-g1-i2	Gast
1.27554833251097e-19	1.0714576678294	0.218	0.11	3.57906106619254e-15	g.TRINITY-GG-176-c2410-g2-i1	Gast
1.09857036954612e-32	1.06853587384088	0.443	0.253	3.08247859990945e-28	g.TRINITY-GG-227-c356-g1-i2	Gast
1.32487902311235e-31	1.06788916934242	0.302	0.14	3.71747805095096e-27	g.TRINITY-GG-238-c83-g1-i3	Gast
5.10532374800967e-30	1.06519209237524	0.38	0.204	1.43250279045403e-25	g.TRINITY-GG-71-c24-g1-i10	Gast
2.01497351091929e-10	1.05482829027874	0.108	0.052	5.65381417428845e-06	g.TRINITY-GG-225-c1984-g1-i3	Gast
9.41234200862964e-42	1.04676030657662	0.387	0.179	2.64100904420139e-37	g.TRINITY-GG-127-c240-g1-i1	Gast
8.9289704603759e-12	1.04673189599694	0.16	0.086	2.50537982147687e-07	g.TRINITY-GG-94-c169-g1-i10	Gast
6.27841938168741e-21	1.04582225819783	0.117	0.041	1.76166169430767e-16	g.TRINITY-GG-71-c446-g1-i10	Gast
8.46962389369853e-18	1.04257116156599	0.347	0.216	2.37649176833287e-13	g.TRINITY-GG-150-c73-g1-i5	Gast
8.35076658497642e-12	1.03451350348255	0.123	0.059	2.34314159607853e-07	g.TRINITY-GG-95-c4-g1-i1	Gast
8.75964062748059e-13	1.03405722503004	0.141	0.07	2.45786756366478e-08	g.TRINITY-GG-238-c192-g2-i7	Gast
7.12418381145176e-10	1.03335418218386	0.152	0.086	1.99897473565525e-05	g.TRINITY-GG-133-c27-g1-i3	Gast
7.46730992585286e-33	1.03210652442148	0.499	0.305	2.09525249209505e-28	g.TRINITY-GG-176-c854-g1-i21	Gast
2.73667837626135e-09	1.02908797369531	0.102	0.051	7.67884585595173e-05	g.TRINITY-GG-176-c686-g6-i1	Gast
1.77783474385667e-12	1.0278474251804	0.105	0.046	4.98842650778742e-08	g.TRINITY-GG-127-c312-g1-i2	Gast
4.39398318019823e-17	1.02782949480867	0.131	0.055	1.23290774053182e-12	g.TRINITY-GG-6-c783-g1-i1	Gast
8.95961838924734e-21	1.02782273607117	0.17	0.073	2.51397932383891e-16	g.TRINITY-GG-6-c366-g2-i5	Gast
6.92195547047329e-14	1.02526034732281	0.105	0.044	1.9422314854601e-09	g.TRINITY-GG-150-c135-g3-i1	Gast
4.72449626752362e-28	1.02221785111012	0.358	0.189	1.32564640770445e-23	g.TRINITY-GG-71-c316-g1-i14	Gast
1.44372855575706e-19	1.02195740157289	0.195	0.091	4.05095795459874e-15	g.TRINITY-GG-173-c175-g2-i1	Gast
1.69585168983344e-10	1.01987240655602	0.109	0.053	4.75839025650365e-06	g.TRINITY-GG-227-c632-g1-i3	Gast
5.00108480564275e-28	1.00978874213202	0.425	0.254	1.4032543856153e-23	g.TRINITY-GG-176-c43-g1-i1	Gast
